chain_id,seq_idx,id,user_id,parent_id,thread_id,chain_len,user_a,user_b
0,0,40,90,-1,40,3,90,46
0,1,43,46,40,40,3,90,46
0,2,56,90,43,40,3,90,46
1,0,40,90,-1,40,3,90,46
1,1,43,46,40,40,3,90,46
1,2,56,90,43,40,3,90,46
2,0,40,90,-1,40,3,90,46
2,1,43,46,40,40,3,90,46
2,2,56,90,43,40,3,90,46
3,0,51,46,-1,51,3,46,88
3,1,54,88,51,51,3,46,88
3,2,61,46,54,51,3,46,88
4,0,134,163,-1,134,4,163,10
4,1,138,10,134,134,4,163,10
4,2,172,163,138,134,4,163,10
4,3,215,10,172,134,4,163,10
5,0,134,163,-1,134,4,163,10
5,1,138,10,134,134,4,163,10
5,2,172,163,138,134,4,163,10
5,3,215,10,172,134,4,163,10
6,0,134,163,-1,134,4,163,10
6,1,138,10,134,134,4,163,10
6,2,172,163,138,134,4,163,10
6,3,215,10,172,134,4,163,10
7,0,134,163,-1,134,4,163,10
7,1,138,10,134,134,4,163,10
7,2,172,163,138,134,4,163,10
7,3,215,10,172,134,4,163,10
8,0,163,88,162,148,4,88,90
8,1,166,90,163,148,4,88,90
8,2,176,88,166,148,4,88,90
8,3,199,90,176,148,4,88,90
9,0,223,259,196,164,4,259,37
9,1,227,37,223,164,4,259,37
9,2,242,259,227,164,4,259,37
9,3,254,37,242,164,4,259,37
10,0,263,68,254,164,3,68,133
10,1,311,133,263,164,3,68,133
10,2,394,68,311,164,3,68,133
11,0,179,207,-1,179,3,207,102
11,1,180,102,179,179,3,207,102
11,2,218,207,180,179,3,207,102
12,0,192,68,-1,192,3,68,160
12,1,195,160,192,192,3,68,160
12,2,213,68,195,192,3,68,160
13,0,268,230,228,225,3,230,148
13,1,269,148,268,225,3,230,148
13,2,283,230,269,225,3,230,148
14,0,268,230,228,225,3,230,148
14,1,269,148,268,225,3,230,148
14,2,283,230,269,225,3,230,148
15,0,268,230,228,225,3,230,148
15,1,269,148,268,225,3,230,148
15,2,283,230,269,225,3,230,148
16,0,268,230,228,225,3,230,148
16,1,269,148,268,225,3,230,148
16,2,283,230,269,225,3,230,148
17,0,249,68,248,245,3,68,72
17,1,253,72,249,245,3,68,72
17,2,262,68,253,245,3,68,72
18,0,265,200,252,247,3,200,138
18,1,320,138,265,247,3,200,138
18,2,421,200,320,247,3,200,138
19,0,265,200,252,247,3,200,138
19,1,320,138,265,247,3,200,138
19,2,421,200,320,247,3,200,138
20,0,840,258,699,247,3,258,12
20,1,844,12,840,247,3,258,12
20,2,865,258,844,247,3,258,12
21,0,265,200,252,247,3,200,138
21,1,320,138,265,247,3,200,138
21,2,421,200,320,247,3,200,138
22,0,265,200,252,247,3,200,138
22,1,320,138,265,247,3,200,138
22,2,421,200,320,247,3,200,138
23,0,652,556,588,247,4,556,199
23,1,655,199,652,247,4,556,199
23,2,660,556,655,247,4,556,199
23,3,711,199,660,247,4,556,199
24,0,265,200,252,247,3,200,138
24,1,320,138,265,247,3,200,138
24,2,421,200,320,247,3,200,138
25,0,652,556,588,247,4,556,199
25,1,655,199,652,247,4,556,199
25,2,660,556,655,247,4,556,199
25,3,711,199,660,247,4,556,199
26,0,265,200,252,247,3,200,138
26,1,320,138,265,247,3,200,138
26,2,421,200,320,247,3,200,138
27,0,652,556,588,247,4,556,199
27,1,655,199,652,247,4,556,199
27,2,660,556,655,247,4,556,199
27,3,711,199,660,247,4,556,199
28,0,841,258,711,247,3,258,608
28,1,897,608,841,247,3,258,608
28,2,1053,258,897,247,3,258,608
29,0,265,200,252,247,3,200,138
29,1,320,138,265,247,3,200,138
29,2,421,200,320,247,3,200,138
30,0,652,556,588,247,4,556,199
30,1,655,199,652,247,4,556,199
30,2,660,556,655,247,4,556,199
30,3,711,199,660,247,4,556,199
31,0,841,258,711,247,3,258,608
31,1,897,608,841,247,3,258,608
31,2,1053,258,897,247,3,258,608
32,0,265,200,252,247,3,200,138
32,1,320,138,265,247,3,200,138
32,2,421,200,320,247,3,200,138
33,0,652,556,588,247,4,556,199
33,1,655,199,652,247,4,556,199
33,2,660,556,655,247,4,556,199
33,3,711,199,660,247,4,556,199
34,0,841,258,711,247,3,258,608
34,1,897,608,841,247,3,258,608
34,2,1053,258,897,247,3,258,608
35,0,265,200,252,247,3,200,138
35,1,320,138,265,247,3,200,138
35,2,421,200,320,247,3,200,138
36,0,652,556,588,247,4,556,199
36,1,655,199,652,247,4,556,199
36,2,660,556,655,247,4,556,199
36,3,711,199,660,247,4,556,199
37,0,841,258,711,247,3,258,608
37,1,897,608,841,247,3,258,608
37,2,1053,258,897,247,3,258,608
38,0,265,200,252,247,3,200,138
38,1,320,138,265,247,3,200,138
38,2,421,200,320,247,3,200,138
39,0,652,556,588,247,4,556,199
39,1,655,199,652,247,4,556,199
39,2,660,556,655,247,4,556,199
39,3,711,199,660,247,4,556,199
40,0,841,258,711,247,3,258,608
40,1,897,608,841,247,3,258,608
40,2,1053,258,897,247,3,258,608
41,0,265,200,252,247,3,200,138
41,1,320,138,265,247,3,200,138
41,2,421,200,320,247,3,200,138
42,0,652,556,588,247,4,556,199
42,1,655,199,652,247,4,556,199
42,2,660,556,655,247,4,556,199
42,3,711,199,660,247,4,556,199
43,0,841,258,711,247,3,258,608
43,1,897,608,841,247,3,258,608
43,2,1053,258,897,247,3,258,608
44,0,265,200,252,247,3,200,138
44,1,320,138,265,247,3,200,138
44,2,421,200,320,247,3,200,138
45,0,652,556,588,247,4,556,199
45,1,655,199,652,247,4,556,199
45,2,660,556,655,247,4,556,199
45,3,711,199,660,247,4,556,199
46,0,841,258,711,247,3,258,608
46,1,897,608,841,247,3,258,608
46,2,1053,258,897,247,3,258,608
47,0,265,200,252,247,3,200,138
47,1,320,138,265,247,3,200,138
47,2,421,200,320,247,3,200,138
48,0,652,556,588,247,4,556,199
48,1,655,199,652,247,4,556,199
48,2,660,556,655,247,4,556,199
48,3,711,199,660,247,4,556,199
49,0,841,258,711,247,3,258,608
49,1,897,608,841,247,3,258,608
49,2,951,258,897,247,3,258,608
50,0,265,200,252,247,3,200,138
50,1,320,138,265,247,3,200,138
50,2,421,200,320,247,3,200,138
51,0,652,556,588,247,4,556,199
51,1,655,199,652,247,4,556,199
51,2,660,556,655,247,4,556,199
51,3,711,199,660,247,4,556,199
52,0,265,200,252,247,3,200,138
52,1,320,138,265,247,3,200,138
52,2,421,200,320,247,3,200,138
53,0,652,556,588,247,4,556,199
53,1,655,199,652,247,4,556,199
53,2,660,556,655,247,4,556,199
53,3,711,199,660,247,4,556,199
54,0,897,608,841,247,3,608,576
54,1,901,576,897,247,3,608,576
54,2,964,608,901,247,3,608,576
55,0,265,200,252,247,3,200,138
55,1,320,138,265,247,3,200,138
55,2,421,200,320,247,3,200,138
56,0,652,556,588,247,4,556,199
56,1,655,199,652,247,4,556,199
56,2,660,556,655,247,4,556,199
56,3,711,199,660,247,4,556,199
57,0,897,608,841,247,3,608,576
57,1,901,576,897,247,3,608,576
57,2,964,608,901,247,3,608,576
58,0,1364,384,1273,247,4,384,655
58,1,1365,655,1364,247,4,384,655
58,2,1584,384,1365,247,4,384,655
58,3,1669,655,1584,247,4,384,655
59,0,265,200,252,247,3,200,138
59,1,320,138,265,247,3,200,138
59,2,421,200,320,247,3,200,138
60,0,652,556,588,247,4,556,199
60,1,655,199,652,247,4,556,199
60,2,660,556,655,247,4,556,199
60,3,711,199,660,247,4,556,199
61,0,897,608,841,247,3,608,576
61,1,901,576,897,247,3,608,576
61,2,964,608,901,247,3,608,576
62,0,1365,655,1364,247,3,655,456
62,1,1366,456,1365,247,3,655,456
62,2,1559,655,1366,247,3,655,456
63,0,265,200,252,247,3,200,138
63,1,320,138,265,247,3,200,138
63,2,421,200,320,247,3,200,138
64,0,652,556,588,247,4,556,199
64,1,655,199,652,247,4,556,199
64,2,660,556,655,247,4,556,199
64,3,711,199,660,247,4,556,199
65,0,897,608,841,247,3,608,576
65,1,901,576,897,247,3,608,576
65,2,964,608,901,247,3,608,576
66,0,1369,1057,1366,247,3,1057,359
66,1,1370,359,1369,247,3,1057,359
66,2,1446,1057,1370,247,3,1057,359
67,0,265,200,252,247,3,200,138
67,1,320,138,265,247,3,200,138
67,2,421,200,320,247,3,200,138
68,0,652,556,588,247,3,556,199
68,1,655,199,652,247,3,556,199
68,2,660,556,655,247,3,556,199
69,0,660,556,655,247,3,556,258
69,1,665,258,660,247,3,556,258
69,2,757,556,665,247,3,556,258
70,0,265,200,252,247,3,200,138
70,1,320,138,265,247,3,200,138
70,2,421,200,320,247,3,200,138
71,0,652,556,588,247,3,556,199
71,1,655,199,652,247,3,556,199
71,2,660,556,655,247,3,556,199
72,0,660,556,655,247,3,556,258
72,1,665,258,660,247,3,556,258
72,2,757,556,665,247,3,556,258
73,0,265,200,252,247,3,200,138
73,1,320,138,265,247,3,200,138
73,2,421,200,320,247,3,200,138
74,0,265,200,252,247,3,200,138
74,1,320,138,265,247,3,200,138
74,2,420,200,320,247,3,200,138
75,0,420,200,320,247,3,200,384
75,1,422,384,420,247,3,200,384
75,2,482,200,422,247,3,200,384
76,0,299,199,284,284,3,199,80
76,1,300,80,299,284,3,199,80
76,2,379,199,300,284,3,199,80
77,0,299,199,284,284,3,199,80
77,1,300,80,299,284,3,199,80
77,2,379,199,300,284,3,199,80
78,0,292,130,-1,292,3,130,243
78,1,296,243,292,292,3,130,243
78,2,316,130,296,292,3,130,243
79,0,298,227,296,292,3,227,111
79,1,337,111,298,292,3,227,111
79,2,389,227,337,292,3,227,111
80,0,563,348,442,365,3,348,54
80,1,567,54,563,365,3,348,54
80,2,625,348,567,365,3,348,54
81,0,625,348,567,365,3,348,129
81,1,645,129,625,365,3,348,129
81,2,752,348,645,365,3,348,129
82,0,563,348,442,365,3,348,54
82,1,567,54,563,365,3,348,54
82,2,625,348,567,365,3,348,54
83,0,625,348,567,365,3,348,129
83,1,645,129,625,365,3,348,129
83,2,752,348,645,365,3,348,129
84,0,563,348,442,365,3,348,54
84,1,567,54,563,365,3,348,54
84,2,625,348,567,365,3,348,54
85,0,625,348,567,365,3,348,129
85,1,645,129,625,365,3,348,129
85,2,752,348,645,365,3,348,129
86,0,563,348,442,365,3,348,54
86,1,567,54,563,365,3,348,54
86,2,625,348,567,365,3,348,54
87,0,625,348,567,365,3,348,129
87,1,645,129,625,365,3,348,129
87,2,752,348,645,365,3,348,129
88,0,563,348,442,365,3,348,54
88,1,567,54,563,365,3,348,54
88,2,625,348,567,365,3,348,54
89,0,625,348,567,365,3,348,129
89,1,645,129,625,365,3,348,129
89,2,752,348,645,365,3,348,129
90,0,563,348,442,365,3,348,54
90,1,567,54,563,365,3,348,54
90,2,625,348,567,365,3,348,54
91,0,645,129,625,365,3,129,436
91,1,647,436,645,365,3,129,436
91,2,706,129,647,365,3,129,436
92,0,563,348,442,365,3,348,54
92,1,567,54,563,365,3,348,54
92,2,625,348,567,365,3,348,54
93,0,645,129,625,365,3,129,436
93,1,647,436,645,365,3,129,436
93,2,706,129,647,365,3,129,436
94,0,563,348,442,365,3,348,54
94,1,567,54,563,365,3,348,54
94,2,625,348,567,365,3,348,54
95,0,645,129,625,365,3,129,436
95,1,647,436,645,365,3,129,436
95,2,706,129,647,365,3,129,436
96,0,563,348,442,365,3,348,54
96,1,567,54,563,365,3,348,54
96,2,625,348,567,365,3,348,54
97,0,651,556,647,365,3,556,576
97,1,810,576,651,365,3,556,576
97,2,937,556,810,365,3,556,576
98,0,563,348,442,365,3,348,54
98,1,567,54,563,365,3,348,54
98,2,625,348,567,365,3,348,54
99,0,563,348,442,365,3,348,54
99,1,567,54,563,365,3,348,54
99,2,625,348,567,365,3,348,54
100,0,651,556,647,365,4,556,199
100,1,656,199,651,365,4,556,199
100,2,663,556,656,365,4,556,199
100,3,712,199,663,365,4,556,199
101,0,563,348,442,365,3,348,54
101,1,567,54,563,365,3,348,54
101,2,625,348,567,365,3,348,54
102,0,651,556,647,365,3,556,199
102,1,656,199,651,365,3,556,199
102,2,663,556,656,365,3,556,199
103,0,563,348,442,365,3,348,54
103,1,567,54,563,365,3,348,54
103,2,625,348,567,365,3,348,54
104,0,651,556,647,365,3,556,199
104,1,656,199,651,365,3,556,199
104,2,663,556,656,365,3,556,199
105,0,563,348,442,365,3,348,54
105,1,567,54,563,365,3,348,54
105,2,625,348,567,365,3,348,54
106,0,651,556,647,365,3,556,199
106,1,656,199,651,365,3,556,199
106,2,663,556,656,365,3,556,199
107,0,563,348,442,365,3,348,54
107,1,567,54,563,365,3,348,54
107,2,625,348,567,365,3,348,54
108,0,651,556,647,365,3,556,199
108,1,656,199,651,365,3,556,199
108,2,663,556,656,365,3,556,199
109,0,563,348,442,365,3,348,54
109,1,567,54,563,365,3,348,54
109,2,625,348,567,365,3,348,54
110,0,651,556,647,365,3,556,199
110,1,656,199,651,365,3,556,199
110,2,663,556,656,365,3,556,199
111,0,734,531,732,365,3,531,683
111,1,737,683,734,365,3,531,683
111,2,776,531,737,365,3,531,683
112,0,563,348,442,365,3,348,54
112,1,567,54,563,365,3,348,54
112,2,625,348,567,365,3,348,54
113,0,651,556,647,365,3,556,199
113,1,656,199,651,365,3,556,199
113,2,663,556,656,365,3,556,199
114,0,734,531,732,365,3,531,683
114,1,737,683,734,365,3,531,683
114,2,776,531,737,365,3,531,683
115,0,563,348,442,365,3,348,54
115,1,567,54,563,365,3,348,54
115,2,625,348,567,365,3,348,54
116,0,651,556,647,365,3,556,199
116,1,656,199,651,365,3,556,199
116,2,663,556,656,365,3,556,199
117,0,734,531,732,365,3,531,683
117,1,737,683,734,365,3,531,683
117,2,776,531,737,365,3,531,683
118,0,563,348,442,365,3,348,54
118,1,567,54,563,365,3,348,54
118,2,625,348,567,365,3,348,54
119,0,651,556,647,365,3,556,199
119,1,656,199,651,365,3,556,199
119,2,663,556,656,365,3,556,199
120,0,734,531,732,365,3,531,683
120,1,737,683,734,365,3,531,683
120,2,776,531,737,365,3,531,683
121,0,563,348,442,365,3,348,54
121,1,567,54,563,365,3,348,54
121,2,625,348,567,365,3,348,54
122,0,651,556,647,365,4,556,199
122,1,656,199,651,365,4,556,199
122,2,662,556,656,365,4,556,199
122,3,710,199,662,365,4,556,199
123,0,563,348,442,365,3,348,54
123,1,567,54,563,365,3,348,54
123,2,625,348,567,365,3,348,54
124,0,625,348,567,365,3,348,344
124,1,629,344,625,365,3,348,344
124,2,638,348,629,365,3,348,344
125,0,563,348,442,365,3,348,54
125,1,567,54,563,365,3,348,54
125,2,625,348,567,365,3,348,54
126,0,563,348,442,365,3,348,54
126,1,567,54,563,365,3,348,54
126,2,625,348,567,365,3,348,54
127,0,563,348,442,365,3,348,54
127,1,567,54,563,365,3,348,54
127,2,625,348,567,365,3,348,54
128,0,696,554,574,365,3,554,134
128,1,700,134,696,365,3,554,134
128,2,796,554,700,365,3,554,134
129,0,373,359,372,365,3,359,161
129,1,375,161,373,365,3,359,161
129,2,451,359,375,365,3,359,161
130,0,369,232,-1,369,3,232,243
130,1,370,243,369,369,3,232,243
130,2,447,232,370,369,3,232,243
131,0,480,389,475,475,6,389,10
131,1,481,10,480,475,6,389,10
131,2,535,389,481,475,6,389,10
131,3,549,10,535,475,6,389,10
131,4,556,389,549,475,6,389,10
131,5,620,10,556,475,6,389,10
132,0,480,389,475,475,5,389,10
132,1,481,10,480,475,5,389,10
132,2,535,389,481,475,5,389,10
132,3,549,10,535,475,5,389,10
132,4,556,389,549,475,5,389,10
133,0,672,476,670,670,3,476,10
133,1,677,10,672,670,3,476,10
133,2,772,476,677,670,3,476,10
134,0,672,476,670,670,3,476,10
134,1,677,10,672,670,3,476,10
134,2,772,476,677,670,3,476,10
135,0,672,476,670,670,3,476,10
135,1,677,10,672,670,3,476,10
135,2,772,476,677,670,3,476,10
136,0,1401,1092,1341,670,3,1092,79
136,1,1581,79,1401,670,3,1092,79
136,2,1618,1092,1581,670,3,1092,79
137,0,672,476,670,670,3,476,10
137,1,677,10,672,670,3,476,10
137,2,772,476,677,670,3,476,10
138,0,697,554,693,693,3,554,193
138,1,698,193,697,693,3,554,193
138,2,797,554,698,693,3,554,193
139,0,1170,375,1164,717,3,375,149
139,1,1191,149,1170,717,3,375,149
139,2,1397,375,1191,717,3,375,149
140,0,728,90,727,727,7,90,185
140,1,730,185,728,727,7,90,185
140,2,880,90,730,727,7,90,185
140,3,1043,185,880,727,7,90,185
140,4,1305,90,1043,727,7,90,185
140,5,1339,185,1305,727,7,90,185
140,6,1511,90,1339,727,7,90,185
141,0,1511,90,1339,727,3,90,1010
141,1,1531,1010,1511,727,3,90,1010
141,2,1656,90,1531,727,3,90,1010
142,0,728,90,727,727,6,90,185
142,1,730,185,728,727,6,90,185
142,2,880,90,730,727,6,90,185
142,3,1043,185,880,727,6,90,185
142,4,1305,90,1043,727,6,90,185
142,5,1339,185,1305,727,6,90,185
143,0,1510,90,1342,727,3,90,1108
143,1,1532,1108,1510,727,3,90,1108
143,2,1654,90,1532,727,3,90,1108
144,0,733,531,-1,733,4,531,636
144,1,735,636,733,733,4,531,636
144,2,777,531,735,733,4,531,636
144,3,890,636,777,733,4,531,636
145,0,733,531,-1,733,3,531,636
145,1,735,636,733,733,3,531,636
145,2,777,531,735,733,3,531,636
146,0,733,531,-1,733,3,531,636
146,1,735,636,733,733,3,531,636
146,2,777,531,735,733,3,531,636
147,0,733,531,-1,733,3,531,636
147,1,735,636,733,733,3,531,636
147,2,777,531,735,733,3,531,636
148,0,784,545,781,733,3,545,559
148,1,785,559,784,733,3,545,559
148,2,881,545,785,733,3,545,559
149,0,733,531,-1,733,3,531,636
149,1,735,636,733,733,3,531,636
149,2,777,531,735,733,3,531,636
150,0,784,545,781,733,3,545,559
150,1,785,559,784,733,3,545,559
150,2,881,545,785,733,3,545,559
151,0,733,531,-1,733,3,531,636
151,1,735,636,733,733,3,531,636
151,2,777,531,735,733,3,531,636
152,0,784,545,781,733,3,545,559
152,1,785,559,784,733,3,545,559
152,2,881,545,785,733,3,545,559
153,0,733,531,-1,733,3,531,636
153,1,735,636,733,733,3,531,636
153,2,777,531,735,733,3,531,636
154,0,784,545,781,733,3,545,559
154,1,785,559,784,733,3,545,559
154,2,881,545,785,733,3,545,559
155,0,881,545,785,733,3,545,666
155,1,884,666,881,733,3,545,666
155,2,1148,545,884,733,3,545,666
156,0,733,531,-1,733,3,531,636
156,1,735,636,733,733,3,531,636
156,2,777,531,735,733,3,531,636
157,0,784,545,781,733,3,545,559
157,1,785,559,784,733,3,545,559
157,2,881,545,785,733,3,545,559
158,0,733,531,-1,733,3,531,636
158,1,735,636,733,733,3,531,636
158,2,777,531,735,733,3,531,636
159,0,733,531,-1,733,3,531,636
159,1,735,636,733,733,3,531,636
159,2,777,531,735,733,3,531,636
160,0,788,594,785,733,3,594,283
160,1,790,283,788,733,3,594,283
160,2,850,594,790,733,3,594,283
161,0,733,531,-1,733,3,531,636
161,1,735,636,733,733,3,531,636
161,2,777,531,735,733,3,531,636
162,0,788,594,785,733,3,594,283
162,1,790,283,788,733,3,594,283
162,2,850,594,790,733,3,594,283
163,0,850,594,790,733,3,594,679
163,1,853,679,850,733,3,594,679
163,2,892,594,853,733,3,594,679
164,0,733,531,-1,733,3,531,636
164,1,735,636,733,733,3,531,636
164,2,777,531,735,733,3,531,636
165,0,788,594,785,733,3,594,283
165,1,790,283,788,733,3,594,283
165,2,850,594,790,733,3,594,283
166,0,850,594,790,733,3,594,679
166,1,853,679,850,733,3,594,679
166,2,892,594,853,733,3,594,679
167,0,733,531,-1,733,3,531,636
167,1,735,636,733,733,3,531,636
167,2,777,531,735,733,3,531,636
168,0,788,594,785,733,3,594,283
168,1,790,283,788,733,3,594,283
168,2,850,594,790,733,3,594,283
169,0,850,594,790,733,3,594,679
169,1,853,679,850,733,3,594,679
169,2,892,594,853,733,3,594,679
170,0,733,531,-1,733,3,531,636
170,1,735,636,733,733,3,531,636
170,2,777,531,735,733,3,531,636
171,0,788,594,785,733,3,594,283
171,1,790,283,788,733,3,594,283
171,2,850,594,790,733,3,594,283
172,0,850,594,790,733,3,594,679
172,1,853,679,850,733,3,594,679
172,2,892,594,853,733,3,594,679
173,0,892,594,853,733,3,594,480
173,1,895,480,892,733,3,594,480
173,2,917,594,895,733,3,594,480
174,0,733,531,-1,733,3,531,636
174,1,735,636,733,733,3,531,636
174,2,777,531,735,733,3,531,636
175,0,788,594,785,733,3,594,283
175,1,790,283,788,733,3,594,283
175,2,850,594,790,733,3,594,283
176,0,850,594,790,733,3,594,679
176,1,853,679,850,733,3,594,679
176,2,892,594,853,733,3,594,679
177,0,892,594,853,733,3,594,480
177,1,895,480,892,733,3,594,480
177,2,917,594,895,733,3,594,480
178,0,733,531,-1,733,3,531,636
178,1,735,636,733,733,3,531,636
178,2,777,531,735,733,3,531,636
179,0,799,466,795,793,3,466,15
179,1,802,15,799,793,3,466,15
179,2,949,466,802,793,3,466,15
180,0,1146,45,949,793,3,45,420
180,1,1149,420,1146,793,3,45,420
180,2,1257,45,1149,793,3,45,420
181,0,799,466,795,793,3,466,15
181,1,802,15,799,793,3,466,15
181,2,949,466,802,793,3,466,15
182,0,799,466,795,793,3,466,15
182,1,802,15,799,793,3,466,15
182,2,949,466,802,793,3,466,15
183,0,799,466,795,793,3,466,15
183,1,802,15,799,793,3,466,15
183,2,949,466,802,793,3,466,15
184,0,799,466,795,793,3,466,15
184,1,802,15,799,793,3,466,15
184,2,949,466,802,793,3,466,15
185,0,1149,420,1146,793,3,420,521
185,1,1152,521,1149,793,3,420,521
185,2,1161,420,1152,793,3,420,521
186,0,799,466,795,793,3,466,15
186,1,802,15,799,793,3,466,15
186,2,949,466,802,793,3,466,15
187,0,799,466,795,793,3,466,15
187,1,802,15,799,793,3,466,15
187,2,949,466,802,793,3,466,15
188,0,807,556,804,804,3,556,768
188,1,835,768,807,804,3,556,768
188,2,936,556,835,804,3,556,768
189,0,1058,176,1056,826,4,176,805
189,1,1063,805,1058,826,4,176,805
189,2,1134,176,1063,826,4,176,805
189,3,1207,805,1134,826,4,176,805
190,0,1330,831,1254,826,3,831,989
190,1,1332,989,1330,826,3,831,989
190,2,1496,831,1332,826,3,831,989
191,0,1058,176,1056,826,4,176,805
191,1,1063,805,1058,826,4,176,805
191,2,1134,176,1063,826,4,176,805
191,3,1207,805,1134,826,4,176,805
192,0,1058,176,1056,826,3,176,805
192,1,1063,805,1058,826,3,176,805
192,2,1134,176,1063,826,3,176,805
193,0,1134,176,1063,826,3,176,66
193,1,1138,66,1134,826,3,176,66
193,2,1296,176,1138,826,3,176,66
194,0,1058,176,1056,826,3,176,805
194,1,1063,805,1058,826,3,176,805
194,2,1134,176,1063,826,3,176,805
195,0,1007,846,837,830,3,846,816
195,1,1018,816,1007,830,3,846,816
195,2,1137,846,1018,830,3,846,816
196,0,1137,846,1018,830,3,846,1084
196,1,1367,1084,1137,830,3,846,1084
196,2,1526,846,1367,830,3,846,1084
197,0,1007,846,837,830,3,846,816
197,1,1018,816,1007,830,3,846,816
197,2,1137,846,1018,830,3,846,816
198,0,1371,488,1367,830,3,488,582
198,1,1372,582,1371,830,3,488,582
198,2,1682,488,1372,830,3,488,582
199,0,846,599,843,843,4,599,339
199,1,848,339,846,843,4,599,339
199,2,995,599,848,843,4,599,339
199,3,1041,339,995,843,4,599,339
200,0,846,599,843,843,4,599,339
200,1,848,339,846,843,4,599,339
200,2,995,599,848,843,4,599,339
200,3,1041,339,995,843,4,599,339
201,0,1277,199,1112,843,3,199,554
201,1,1281,554,1277,843,3,199,554
201,2,1310,199,1281,843,3,199,554
202,0,846,599,843,843,4,599,339
202,1,848,339,846,843,4,599,339
202,2,995,599,848,843,4,599,339
202,3,1041,339,995,843,4,599,339
203,0,846,599,843,843,4,599,339
203,1,848,339,846,843,4,599,339
203,2,995,599,848,843,4,599,339
203,3,1041,339,995,843,4,599,339
204,0,846,599,843,843,4,599,339
204,1,848,339,846,843,4,599,339
204,2,995,599,848,843,4,599,339
204,3,1041,339,995,843,4,599,339
205,0,846,599,843,843,4,599,339
205,1,848,339,846,843,4,599,339
205,2,995,599,848,843,4,599,339
205,3,1041,339,995,843,4,599,339
206,0,846,599,843,843,4,599,339
206,1,848,339,846,843,4,599,339
206,2,995,599,848,843,4,599,339
206,3,1041,339,995,843,4,599,339
207,0,846,599,843,843,4,599,339
207,1,848,339,846,843,4,599,339
207,2,995,599,848,843,4,599,339
207,3,1041,339,995,843,4,599,339
208,0,846,599,843,843,3,599,339
208,1,848,339,846,843,3,599,339
208,2,995,599,848,843,3,599,339
209,0,846,599,843,843,3,599,339
209,1,848,339,846,843,3,599,339
209,2,995,599,848,843,3,599,339
210,0,846,599,843,843,3,599,339
210,1,848,339,846,843,3,599,339
210,2,995,599,848,843,3,599,339
211,0,846,599,843,843,3,599,339
211,1,848,339,846,843,3,599,339
211,2,995,599,848,843,3,599,339
212,0,846,599,843,843,3,599,339
212,1,848,339,846,843,3,599,339
212,2,995,599,848,843,3,599,339
213,0,846,599,843,843,3,599,339
213,1,848,339,846,843,3,599,339
213,2,995,599,848,843,3,599,339
214,0,1428,1082,1379,843,3,1082,497
214,1,1434,497,1428,843,3,1082,497
214,2,1705,1082,1434,843,3,1082,497
215,0,846,599,843,843,3,599,339
215,1,848,339,846,843,3,599,339
215,2,995,599,848,843,3,599,339
216,0,1428,1082,1379,843,3,1082,497
216,1,1433,497,1428,843,3,1082,497
216,2,1707,1082,1433,843,3,1082,497
217,0,846,599,843,843,3,599,339
217,1,848,339,846,843,3,599,339
217,2,995,599,848,843,3,599,339
218,0,846,599,843,843,3,599,339
218,1,848,339,846,843,3,599,339
218,2,995,599,848,843,3,599,339
219,0,846,599,843,843,3,599,339
219,1,848,339,846,843,3,599,339
219,2,995,599,848,843,3,599,339
220,0,846,599,843,843,3,599,339
220,1,848,339,846,843,3,599,339
220,2,995,599,848,843,3,599,339
221,0,1231,224,1230,843,3,224,731
221,1,1232,731,1231,843,3,224,731
221,2,1421,224,1232,843,3,224,731
222,0,846,599,843,843,3,599,339
222,1,848,339,846,843,3,599,339
222,2,995,599,848,843,3,599,339
223,0,1231,224,1230,843,3,224,731
223,1,1232,731,1231,843,3,224,731
223,2,1421,224,1232,843,3,224,731
224,0,846,599,843,843,3,599,339
224,1,848,339,846,843,3,599,339
224,2,995,599,848,843,3,599,339
225,0,1231,224,1230,843,3,224,731
225,1,1232,731,1231,843,3,224,731
225,2,1421,224,1232,843,3,224,731
226,0,846,599,843,843,3,599,339
226,1,848,339,846,843,3,599,339
226,2,995,599,848,843,3,599,339
227,0,1231,224,1230,843,3,224,731
227,1,1232,731,1231,843,3,224,731
227,2,1421,224,1232,843,3,224,731
228,0,846,599,843,843,3,599,339
228,1,848,339,846,843,3,599,339
228,2,995,599,848,843,3,599,339
229,0,1231,224,1230,843,3,224,731
229,1,1232,731,1231,843,3,224,731
229,2,1421,224,1232,843,3,224,731
230,0,1459,814,1421,843,3,814,809
230,1,1460,809,1459,843,3,814,809
230,2,1541,814,1460,843,3,814,809
231,0,846,599,843,843,3,599,339
231,1,848,339,846,843,3,599,339
231,2,995,599,848,843,3,599,339
232,0,1231,224,1230,843,3,224,731
232,1,1232,731,1231,843,3,224,731
232,2,1421,224,1232,843,3,224,731
233,0,1459,814,1421,843,3,814,809
233,1,1460,809,1459,843,3,814,809
233,2,1541,814,1460,843,3,814,809
234,0,846,599,843,843,3,599,339
234,1,848,339,846,843,3,599,339
234,2,995,599,848,843,3,599,339
235,0,1231,224,1230,843,3,224,731
235,1,1232,731,1231,843,3,224,731
235,2,1421,224,1232,843,3,224,731
236,0,1459,814,1421,843,3,814,809
236,1,1460,809,1459,843,3,814,809
236,2,1541,814,1460,843,3,814,809
237,0,1541,814,1460,843,3,814,669
237,1,1542,669,1541,843,3,814,669
237,2,1734,814,1542,843,3,814,669
238,0,846,599,843,843,3,599,339
238,1,848,339,846,843,3,599,339
238,2,995,599,848,843,3,599,339
239,0,1231,224,1230,843,3,224,731
239,1,1232,731,1231,843,3,224,731
239,2,1421,224,1232,843,3,224,731
240,0,1421,224,1232,843,3,224,325
240,1,1422,325,1421,843,3,224,325
240,2,1652,224,1422,843,3,224,325
241,0,846,599,843,843,3,599,339
241,1,848,339,846,843,3,599,339
241,2,995,599,848,843,3,599,339
242,0,1232,731,1231,843,3,731,1019
242,1,1236,1019,1232,843,3,731,1019
242,2,1240,731,1236,843,3,731,1019
243,0,846,599,843,843,3,599,339
243,1,848,339,846,843,3,599,339
243,2,995,599,848,843,3,599,339
244,0,846,599,843,843,3,599,339
244,1,848,339,846,843,3,599,339
244,2,995,599,848,843,3,599,339
245,0,1078,199,1003,843,3,199,68
245,1,1083,68,1078,843,3,199,68
245,2,1279,199,1083,843,3,199,68
246,0,846,599,843,843,3,599,339
246,1,848,339,846,843,3,599,339
246,2,995,599,848,843,3,599,339
247,0,1078,199,1003,843,3,199,68
247,1,1083,68,1078,843,3,199,68
247,2,1272,199,1083,843,3,199,68
248,0,922,497,-1,922,3,497,590
248,1,925,590,922,922,3,497,590
248,2,1115,497,925,922,3,497,590
249,0,922,497,-1,922,3,497,214
249,1,924,214,922,922,3,497,214
249,2,1114,497,924,922,3,497,214
250,0,1387,497,1176,922,3,497,257
250,1,1391,257,1387,922,3,497,257
250,2,1431,497,1391,922,3,497,257
251,0,945,734,-1,945,3,734,788
251,1,948,788,945,945,3,734,788
251,2,1001,734,948,945,3,734,788
252,0,945,734,-1,945,3,734,788
252,1,948,788,945,945,3,734,788
252,2,1001,734,948,945,3,734,788
253,0,1047,819,1001,945,3,819,244
253,1,1049,244,1047,945,3,819,244
253,2,1347,819,1049,945,3,819,244
254,0,945,734,-1,945,3,734,788
254,1,948,788,945,945,3,734,788
254,2,1001,734,948,945,3,734,788
255,0,1106,318,950,946,3,318,780
255,1,1291,780,1106,946,3,318,780
255,2,1506,318,1291,946,3,318,780
256,0,1106,318,950,946,3,318,780
256,1,1291,780,1106,946,3,318,780
256,2,1506,318,1291,946,3,318,780
257,0,1513,90,1506,946,3,90,144
257,1,1607,144,1513,946,3,90,144
257,2,1655,90,1607,946,3,90,144
258,0,1655,90,1607,946,3,90,1320
258,1,1658,1320,1655,946,3,90,1320
258,2,1733,90,1658,946,3,90,1320
259,0,1106,318,950,946,3,318,780
259,1,1291,780,1106,946,3,318,780
259,2,1506,318,1291,946,3,318,780
260,0,1513,90,1506,946,3,90,144
260,1,1607,144,1513,946,3,90,144
260,2,1655,90,1607,946,3,90,144
261,0,1106,318,950,946,3,318,780
261,1,1291,780,1106,946,3,318,780
261,2,1506,318,1291,946,3,318,780
262,0,985,227,982,981,3,227,225
262,1,1219,225,985,981,3,227,225
262,2,1412,227,1219,981,3,227,225
263,0,985,227,982,981,3,227,225
263,1,1219,225,985,981,3,227,225
263,2,1412,227,1219,981,3,227,225
264,0,1119,236,1089,1085,3,236,493
264,1,1303,493,1119,1085,3,236,493
264,2,1475,236,1303,1085,3,236,493
265,0,1120,236,-1,1120,7,236,579
265,1,1122,579,1120,1120,7,236,579
265,2,1185,236,1122,1120,7,236,579
265,3,1201,579,1185,1120,7,236,579
265,4,1476,236,1201,1120,7,236,579
265,5,1698,579,1476,1120,7,236,579
265,6,1724,236,1698,1120,7,236,579
266,0,1120,236,-1,1120,7,236,579
266,1,1122,579,1120,1120,7,236,579
266,2,1185,236,1122,1120,7,236,579
266,3,1200,579,1185,1120,7,236,579
266,4,1478,236,1200,1120,7,236,579
266,5,1699,579,1478,1120,7,236,579
266,6,1725,236,1699,1120,7,236,579
267,0,1139,810,-1,1139,3,810,657
267,1,1143,657,1139,1139,3,810,657
267,2,1220,810,1143,1139,3,810,657
268,0,1169,375,-1,1169,3,375,123
268,1,1172,123,1169,1169,3,375,123
268,2,1396,375,1172,1169,3,375,123
269,0,1396,375,1172,1169,3,375,480
269,1,1577,480,1396,1169,3,375,480
269,2,1635,375,1577,1169,3,375,480
270,0,1175,163,-1,1175,3,163,109
270,1,1177,109,1175,1175,3,163,109
270,2,1336,163,1177,1175,3,163,109
271,0,1336,163,1177,1175,3,163,871
271,1,1338,871,1336,1175,3,163,871
271,2,1604,163,1338,1175,3,163,871
272,0,1175,163,-1,1175,3,163,109
272,1,1177,109,1175,1175,3,163,109
272,2,1336,163,1177,1175,3,163,109
273,0,1409,1174,1406,1406,4,1174,227
273,1,1413,227,1409,1406,4,1174,227
273,2,1415,1174,1413,1406,4,1174,227
273,3,1527,227,1415,1406,4,1174,227
274,0,1409,1174,1406,1406,4,1174,227
274,1,1413,227,1409,1406,4,1174,227
274,2,1415,1174,1413,1406,4,1174,227
274,3,1527,227,1415,1406,4,1174,227
275,0,1489,481,1486,1483,3,481,650
275,1,1492,650,1489,1483,3,481,650
275,2,1609,481,1492,1483,3,481,650
276,0,1504,325,-1,1504,3,325,728
276,1,1505,728,1504,1504,3,325,728
276,2,1579,325,1505,1504,3,325,728
277,0,1605,163,-1,1605,3,163,481
277,1,1610,481,1605,1605,3,163,481
277,2,1662,163,1610,1605,3,163,481
278,0,1701,232,-1,1701,3,232,1082
278,1,1706,1082,1701,1701,3,232,1082
278,2,1727,232,1706,1701,3,232,1082
