,8,9,10,11,12,13,14,15,16,17,18,19,20,21,22,23,24,25,26,27,28,29,30,31,32,33,34,35,36,37,38
35,2.0,4.332833145723884,6.829222150427513,6.7550383674537695,6.674978760146654,6.589272138174156,6.498161321887759,6.401901997691912,6.300761524795344,6.195017701121894,6.084957496330843,5.970875760003411,5.85307391309319,5.731858630714558,12.494731514455413,12.363127426867903,12.220676584890638,12.06778722769335,11.904893814486606,11.732454970084015,11.550951337179505,11.36088334938997,11.162768939467488,10.957141197319691,10.744545992591691,10.525539576558797,10.300686177958426,10.070555607155088,9.83572088268845,9.596755893806483,9.354233112039651
55,,2.0,1.9790169658873211,1.9562958215592943,1.9319017037303097,1.9059039576700276,1.8783758091622822,1.8493940214462063,1.8190385393848587,1.7873921231640488,1.7545399738623608,1.7205693532525406,1.6855692001945317,1.6496297459618825,1.612842130806468,1.5752980240121652,1.5370892496171107,1.4983074198974407,1.4590435786040776,1.4193878558294126,1.3794291362539817,1.3392547423858752,1.2989501342591216,1.2585986269032277,1.218281126735974,1.1780758878670845,1.1380582891330653,1.0983006325149371,1.0588719634222787,1.0198379131604447,0.981260563734433
49,,2.0,1.9790169658873211,1.9562958215592943,1.9319017037303097,1.9059039576700276,1.8783758091622822,1.8493940214462063,1.8190385393848587,1.7873921231640488,1.7545399738623608,1.7205693532525406,1.6855692001945317,1.6496297459618825,1.612842130806468,1.5752980240121652,1.5370892496171107,1.4983074198974407,1.4590435786040776,1.4193878558294126,1.3794291362539817,1.3392547423858752,3.3118472913434154,3.2760082576772045,3.237316497740994,3.1958826306081574,3.151824089474811,3.105264567871267,3.0563334421513995,5.03475015126747,4.98068203485661
10,,2.0,1.9795945522376157,1.9574378983287988,1.9335937040043938,1.9081299236834717,1.8811184781569654,1.8526349166573446,1.8227580655328817,1.7915696658078255,1.7591540019535725,1.7255975242205828,1.6909884668864352,1.6554164647622878,1.6189721702685764,3.5970523805625243,3.5590170986393606,5.550274226958796,5.494104363564964,5.4330644472514456,5.367329986350192,7.345224319778274,9.677026791957017,9.57270625641912,13.879968907167342,13.740073678017982,13.587986854588378,13.424145874035297,13.249018171822856,13.063098962143613,12.866908908225028
11,,,2.0,4.332666444320905,6.8254477408848215,6.756372871512591,6.6813090563082405,6.60047212658007,6.514092626859434,6.422414720584139,6.325695041920048,6.224201501265355,6.118212052201348,6.008013427808186,5.893899854353728,5.7761717503880545,5.655134419236883,5.53109674278499,5.40436988427816,5.27526600765169,5.144097020618183,5.0111733484209875,4.876802744786126,4.741289146189383,4.604931575101127,4.46802309738437,4.330849838506775,4.193690062690053,4.056813318565931,3.920479654341916,3.78493890490792
57,,,,2.0,1.9792644822563288,1.956785201415346,1.9326266653322537,1.9068576249589633,1.879550748741111,1.8507822817406874,1.8206316917182646,1.7891813044685168,1.756515930743381,1.7227224871187266,1.6878896131628942,3.6673983833278645,3.6301322582951476,3.5896515667208315,3.5460726651696124,3.499519795118157,3.450124493442161,3.3980249741172788,3.343365485194885,3.2862956452301293,3.2269697634214123,3.165546147767093,3.1021864055570143,3.0370547404937964,2.970317250682612,4.928391579373207,4.879328850827278
36,,,,,,2.0,1.9795120295822985,1.957274703692885,1.9333518989818508,1.9078117694394672,1.8807264232543486,1.8521715841422717,1.8222262393680992,1.7909722767452625,1.7584941129402423,1.7248783154333744,1.6902132204921556,1.6545885494993202,1.6180950259457654,1.5808239953485252,1.542867050287244,1.504315662669902,1.4652608252409987,1.4257927042341763,1.3860003049477103,1.3459711518867727,1.3057909849723834,1.2655434731650224,1.225309946692545,1.1851691489089167,1.1451970086439336
15,,,,,,,2.0,1.9788519721710498,1.955969636318744,1.9314185470828689,1.9052684444659709,1.877592924179737,1.8484690931455712,1.817977212402052,1.7862003297278302,1.7532239043252662,1.7191354259276894,1.6840240306917138,1.6479801162159202,1.611094957988918,1.5734603295140208,1.5351681282853529,1.496310009702136,1.4569770309053205,1.417259306404859,3.3896451602583477,3.3560407387203655,3.3194466967902962,3.2799684221522103,3.237718704101338,3.192817197187876
70,,,,,,,2.0,1.9795120295822985,1.957274703692885,1.9333518989818508,1.9078117694394672,1.8807264232543486,1.8521715841422717,1.8222262393680992,1.7909722767452625,1.7584941129402423,1.7248783154333744,1.6902132204921556,6.002818311962214,5.94330729312869,5.878501871138799,5.808588680017604,5.733767461512335,5.654250115244065,5.570259700233411,5.482029394375029,5.389801418639965,5.293825932932541,5.19435991061901,5.0916659987785735,4.986011371204407
73,,,,,,,2.0,1.9800897604194965,1.9584173519294104,1.9350451693675346,1.910039963647119,1.8834725244463364,1.8554173467800028,1.825952283648192,1.7951581870236861,1.7631185394886302,1.7299190788601275,1.6956474181548626,1.660392663234394,1.6242450304459142,1.587295466528611,1.5496352729940102,1.511355737110758,1.472547771531221,1.433301564490223,1.3937062423864717,1.3538495464261304,1.3138175248669997,1.2736942422524118,1.2335615068677537,1.1934986174910918
32,,,,,,,,2.0,1.978604507388376,1.9554804604304703,1.9306940386669216,1.9043155719660287,1.876419208470797,1.847082567959488,1.8163863828832687,1.7844141293981022,1.7512516507424276,1.7169867753273733,1.6817089319024456,1.6455087641371775,1.6084777469186464,1.570707806606788,1.5322909474149096,1.4933188859927415,1.4538826961849238,1.4140724658202317,1.3739769672575004,1.3336833432745152,1.2932768097376273,1.252840376334074,1.2124545864875182
90,,,,,,,,2.0,1.979759607869102,6.309624806855892,6.24290674635308,6.170717269386822,6.093263188547817,6.010764520461113,5.9234534457907815,7.887510566716531,15.31505461282778,17.953018115749742,20.66281389142859,20.442620534718714,20.204548895702835,19.949280552860355,19.677540084387296,19.390091645858057,21.27323808971853,21.04741714136841,22.997463887846976,22.761878207938793,24.727743927754364,34.782780119667926,34.43220692834182
65,,,,,,,,2.0,1.9799246772626797,3.9769555328423314,6.303993856750662,6.241236842749697,6.17292547775845,6.09925643011399,6.020440098489847,5.9366996117341815,7.903136714419828,7.821851018494042,7.73365996448508,7.638816797783604,7.537591621008399,7.43027011383744,7.317152191808801,7.198550612888855,7.074789540847216,6.946203074644676,6.813133753131652,6.675931044370718,6.534949828838797,6.390548885634309,6.243089390614605
91,,,,,,,,2.0,1.9800072171206113,1.9582540756349291,1.934803182832394,1.9097214909303972,1.8830799789231656,1.8549533183963933,1.8254195255063126,1.794559601388438,1.7624571633088777,1.7291980688996862,1.6948700358292963,1.6595622592498542,1.6233650293356583,1.5863693511814982,1.5486665692672237,1.5103479986162573,1.47150456468205,1.4322264538888136,1.3926027766325588,1.3527212444168635,1.3126678626563872,1.2725266405313933,1.2323793191200514
59,,,,,,,,,2.0,1.9793469945917985,1.9569483552372928,1.9328683796495618,1.907175620086057,1.8799425585634493,1.8512452667129193,1.8211630525060583,1.789778096142018,1.7571750774279842,1.723440797007356,1.688663793793292,1.652933960949821,1.6163421627289973,1.5789798544212188,1.5409387076076564,1.5023102428196968,1.4631854716114814,1.423654549939235,1.3838064446164469,1.3437286144784921,1.303506707745449,1.2632242769192077
46,,,,,,,,,6.832735876885581,6.764997182771929,6.6912321096287615,6.611653094503581,6.526487494369645,6.435976504956684,6.34037402423289,6.239945468021919,6.134966545471201,6.025722002255921,5.912504339506003,5.795612516481543,5.675350644995879,5.552026683496441,5.425951138563456,5.297435781378092,5.166792386447737,5.034331499560316,4.9003612415758635,4.7651861542562655,4.629106093887899,4.492415177971737,4.355400789746472
40,,,,,,,,,,2.0,4.330750376825101,9.42376297503825,9.32955935150487,9.227061126843099,9.116563299181038,8.998381339432362,8.872849692205968,8.740320201164135,8.60116046918914,8.45575216403188,8.304489280340572,8.147776369102253,7.9860267455749385,7.819660686744804,7.649103629212631,7.474784378199828,9.363137116761326,9.269925965151414,9.168465098979844,9.059046623957434,8.941983039060897
114,,,,,,,,,,2.0,1.978769480471404,1.9558065640941125,1.9311770140739686,1.904950767334004,1.8772016040584412,1.8480068024771494,1.8174467811469026,1.7856047310408847,1.7525662397938562,1.7184189104671757,1.683251977195644,1.6471559200572348,1.6102220814677146,1.572542286345648,1.5342084682201553,1.4953123033650653,1.4559448549398881,1.4161962290016028,1.3761552441229272,1.335909116213983,1.2955431599965503
88,,,,,,,,,,2.0,1.9788519721710498,3.9739908410249987,3.9337732745515273,3.890068755018306,5.877763543868183,8.206932853931566,10.703854291840107,10.587581547114892,10.46209926635124,10.327766076826572,10.184962565612757,10.034089485527225,9.875565884881887,9.709827173220297,9.537323135503536,9.358515907372508,9.17387792417881,8.983889856439074,8.78903854423087,8.58981494281494,8.386712091442476
58,,,,,,,,,,2.0,1.9790169658873211,1.9562958215592943,1.9319017037303097,1.9059039576700276,1.8783758091622822,1.8493940214462063,1.8190385393848587,1.7873921231640488,1.7545399738623608,1.7205693532525406,1.6855692001945317,1.6496297459618825,1.612842130806468,1.5752980240121652,1.5370892496171107,1.4983074198974407,1.4590435786040776,1.4193878558294126,1.3794291362539817,1.3392547423858752,1.2989501342591216
108,,,,,,,,,,2.0,1.9790994679042335,1.9564589345774808,1.9321433273764073,1.9062217937597883,1.8787673740575448,1.8498566591362855,1.8195694352028928,1.7879883180458755,1.7551983790533026,1.7212867653660724,1.6863423165261968,1.6504551799619784,1.613716427615952,1.576217675967888,1.5380507116348587,1.4993071246442997,1.460077951375301,1.4204533290492163,1.3805221635244613,1.3403718120134798,1.3000877821937675
107,,,,,,,,,,2.0,1.9793469945917985,1.9569483552372928,1.9328683796495618,1.907175620086057,1.8799425585634493,1.8512452667129193,1.8211630525060583,1.789778096142018,1.7571750774279842,1.723440797007356,1.688663793793292,1.652933960949821,1.6163421627289973,1.5789798544212188,1.5409387076076564,1.5023102428196968,1.4631854716114814,1.423654549939235,1.3838064446164469,1.3437286144784921,1.303506707745449
75,,,,,,,,,,2.0,1.980172307159478,1.9585806418376244,1.9352871861680185,1.9103584894736116,1.8838651517992695,1.8558814912432668,1.8264851972782943,1.7957569723206022,1.7637801638550963,1.7306403894543556,1.696425157040677,1.661223482732587,1.6251255085911804,1.58822212253773,1.5506045826529766,1.5123641479912746,1.4735917179503235,1.4343774821307715,1.3948105825007475,1.3549787895497831,1.3149681939760325
94,,,,,,,,,,2.0,1.980172307159478,1.9585806418376244,1.9352871861680185,1.9103584894736116,1.8838651517992695,1.8558814912432668,1.8264851972782943,1.7957569723206022,1.7637801638550963,1.7306403894543556,1.696425157040677,1.661223482732587,1.6251255085911804,1.58822212253773,1.5506045826529766,1.5123641479912746,1.4735917179503235,1.4343774821307715,1.3948105825007475,1.3549787895497831,1.3149681939760325
109,,,,,,,,,,,2.0,1.9791819733605216,1.9566220611957867,1.932384981242462,1.9065396828531538,1.8791590205781492,1.850319412558129,3.8377889930326647,6.167124712810225,6.101913450284667,6.031354340823878,5.955649526247391,7.933099190121275,7.847578588207003,7.755216937788775,7.656278390471198,7.551043467044636,9.512424103066746,14.332597073941328,14.184000163471527,14.02290692606864
98,,,,,,,,,,,2.0,1.9795945522376157,1.9574378983287988,1.9335937040043938,1.9081299236834717,1.8811184781569654,1.8526349166573446,1.8227580655328817,1.7915696658078255,1.7591540019535725,1.7255975242205828,1.6909884668864352,1.6554164647622878,1.6189721702685764,1.5817468733416522,1.543832126367021,1.5053193762528263,1.4662996056603068,1.426862985297323,1.3870985390580297,1.3470938236577366
39,,,,,,,,,,,2.0,1.9796770783331692,1.9576011065716377,1.9338355392695794,1.9084481309841383,1.8815106147870713,1.8530983650779973,1.823290046913885,1.7921672541329332,1.7598141385955457,1.7263170328905568,1.6917640688612794,1.6562447942936136,1.6198497900777773,1.5826702901068321,1.5447978061098537,1.5063237595362529,1.467339122511477,1.427934069774282,1.3881976433832799,1.3482174318469156
86,,,,,,,,,,,2.0,1.9800072171206113,1.9582540756349291,1.934803182832394,1.9097214909303972,1.8830799789231656,1.8549533183963933,1.8254195255063126,1.794559601388438,1.7624571633088777,1.7291980688996862,1.6948700358292963,1.6595622592498542,1.6233650293356583,1.5863693511814982,1.5486665692672237,1.5103479986162573,1.47150456468205,1.4322264538888136,1.3926027766325588,1.3527212444168635
42,,,,,,,,,,,,2.0,1.978274602483359,1.9548284162139307,1.929728450190089,1.9030458165666702,1.874855395439479,1.8452354853915283,1.8142674420787681,1.7820353071835338,1.7486254300951771,1.7141260846893913,1.678627083570781,1.6422193921176669,1.6049947446245103,1.5670452647764344,1.5284630926129974,1.489340020045671,1.449767136886565,1.4098344892260957,1.3696307518658832
126,,,,,,,,,,,,2.0,1.97843954805941,1.9551544111400982,1.930211184049031,1.9036805884004586,1.8756371389764466,1.8461587956746721,1.815326603314217,1.7832243216220958,1.7499380477560813,1.7155558337330128,1.6801673011263891,1.6438632553730397,1.6067353019865778,1.568875466915888,1.530375823210982,1.4913281260671667,1.4518234582127865,1.411951887487088,1.371802138324363
12,,,,,,,,,,,,2.0,4.331666527723736,4.2846129391115735,4.233832408978544,4.179470067642305,4.121679932173265,4.06062418037372,3.996472393919272,3.929400775595781,3.8595913456743998,3.7872311225349007,3.7125112926735895,3.6356263752170337,3.5567733860074595,5.509494779563946,5.4516918211123375,5.389100808081846,5.321901175666416,5.250283952566639,5.174450857319397
43,,,,,,,,,,,,2.0,1.9788519721710498,1.955969636318744,1.9314185470828689,1.9052684444659709,1.877592924179737,1.8484690931455712,1.817977212402052,1.7862003297278302,1.7532239043252662,1.7191354259276894,6.032718793394409,5.971915445516608,5.905813205369826,5.8346021984056575,5.758485588386782,5.6776786126805305,5.592407569692781,5.502908765098424,5.409427423720826
50,,,,,,,,,,,,,4.33324996004336,4.287072664967364,4.237146070957777,4.183613113528326,4.126625745769982,4.066344220643917,4.002936341483333,3.9365766856007025,3.867445806014663,3.7957294163870308,3.7216175642950517,3.645303797957478,3.566984331486072,3.4868572136478875,3.405121504999627,3.321976468095439,3.2376207752758224,3.1522517383203428,3.066064563993351
37,,,,,,,,,,,,,4.333333333333334,6.832972056607145,6.7587475395322,6.678643971725695,8.65307874975492,13.478851728227017,13.340218438357395,13.189808014787982,13.028052369200804,12.855412163391494,12.672374625932747,12.47945126475044,12.277175490616509,12.066100166975453,13.963423354555887,13.813470332708677,13.651462526758928,13.477863433748482,13.293165445118044
132,,,,,,,,,,,,,,2.0,1.9783570735523417,1.9549914068820555,1.9299698020265794,1.903363176021505,1.8752462264717824,1.8456970827973354,1.8147969454273456,1.782629715268704,1.749281615806155,1.7148408102044965,1.6793970157770262,1.6430411181596407,1.6058647874871448,1.5679600988081488,1.529419158898312,1.4903337415396416,1.4507949332272647
165,,,,,,,,,,,,,,2.0,1.978604507388376,1.9554804604304703,1.9306940386669216,1.9043155719660287,1.876419208470797,1.847082567959488,1.8163863828832687,1.7844141293981022,1.7512516507424276,1.7169867753273733,1.6817089319024456,3.6611542318990185,3.623045228733562,3.581747569786968,3.5373797258669732,7.855409941600172,7.776235817998581
72,,,,,,,,,,,,,,2.0,1.9794295103670738,1.957111522662761,1.933110124198167,6.257904494630953,6.194831515928591,6.12626185109146,6.052392722459736,5.973434877370925,5.88961158744344,5.801157598214039,5.708318036033819,5.611347279330962,5.510507801492681,5.406068992703345,5.2983059681008,5.187498369579139,5.073929168475003
68,,,,,,,,,,,,,,2.0,4.331416626722239,9.425093271278959,9.33126533872908,13.646276627907673,21.395878179999382,24.086985992338175,23.84719716139833,23.58618566153786,23.304702944548726,23.003552924587137,22.683588156646362,22.345705820915594,21.990843539455952,26.150683584498907,25.88819187811873,25.602706639624675,25.295049255289804
74,,,,,,,,,,,,,,2.0,1.9796770783331692,1.9576011065716377,3.9525479731672606,3.9107536759013595,3.8655319108041777,3.817012231805024,3.765332464256756,3.7106380534499044,3.653081383787425,3.5928210730719976,3.530021246468213,3.4648507947746103,5.428785116700892,5.373844746922687,5.314140924074088,5.249845314811801,5.181141288310726
92,,,,,,,,,,,,,,2.0,1.979759607869102,1.957764328422535,1.9340774047811884,1.9087663913503135,1.8819028331617014,1.8535619294332224,1.8238221835564088,1.792765041787049,1.7604745229590855,1.7270368415683361,1.6925400265797823,1.6570735383005883,1.620727885631123,1.583594245958599,1.5457640898933402,1.507328812967023,1.4683793763165964
125,,,,,,,,,,,,,,4.33324996004336,4.290111937610025,4.24315595599817,4.192517201421984,4.1383402980775505,4.0807786206499275,4.019993571899103,3.9561538300798054,3.8894345710959497,3.820016670395407,3.748085889674447,3.673832053483593,3.597448220808363,3.519129856640192,3.439074008456055,3.357478492391538,3.2745410937232475,3.190458786074801
163,,,,,,,,,,,,,,2.0,1.9800072171206113,1.9582540756349291,3.9536064192672837,3.9116378601209654,3.866244693323787,3.817556919792134,3.7657127910599284,3.7108581560321476,3.653145778561633,3.592734630309528,3.5297891634586365,3.4644785679200574,5.428416764360627,10.259035210420196,12.849630702830924,15.497562619862727,15.338166394258971
135,,,,,,,,,,,,,,,2.0,1.978604507388376,1.9554804604304703,1.9306940386669216,1.9043155719660287,1.876419208470797,1.847082567959488,1.8163863828832687,1.7844141293981022,1.7512516507424276,1.7169867753273733,1.6817089319024456,1.6455087641371775,1.6084777469186464,1.570707806606788,1.5322909474149096,1.4933188859927415
142,,,,,,,,,,,,,,,4.333083223889925,4.288695183435677,6.2804789519383615,6.215623569058122,6.1452864775491065,6.069669587628139,5.988988169800237,5.903469834955446,5.8133534662330035,5.718888109656057,5.6203318307301275,5.517950544328556,5.412016825258286,5.302808706909575,5.190608475344727,5.075701466074998,4.95837487061358
29,,,,,,,,,,,,,,,2.0,1.979759607869102,1.957764328422535,1.9340774047811884,1.9087663913503135,1.8819028331617014,1.8535619294332224,6.173342634692788,6.109593595282292,6.040456357639153,5.966129387670102,5.886824283661954,5.802764773776591,5.714185666136042,5.621331758381454,5.524456713776403,5.423821911052887
63,,,,,,,,,,,,,,,2.0,4.331666527723736,4.287292999884061,4.239130659773432,4.1873178535654025,4.132002191439167,4.0733398477082225,4.011494827315063,3.9466382035053478,3.8789473316293126,3.8086050441112453,3.735798831679626,3.6607200159610045,5.615826100232148,5.5601516627515535,5.499524143920582,5.434118145763596
97,,,,,,,,,,,,,,,2.0,1.9800072171206113,1.9582540756349291,1.934803182832394,1.9097214909303972,1.8830799789231656,1.8549533183963933,1.8254195255063126,1.794559601388438,1.7624571633088777,1.7291980688996862,1.6948700358292963,3.674852533005332,3.637662304859706,3.597247600665518,3.5537246249942647,3.5072175040845734
210,,,,,,,,,,,,,,,,2.0,1.978274602483359,1.9548284162139307,1.929728450190089,1.9030458165666702,1.874855395439479,1.8452354853915283,1.8142674420787681,1.7820353071835338,1.7486254300951771,1.7141260846893913,1.678627083570781,1.6422193921176669,3.620930590655039,3.5817468234322276,3.5394440948234833
175,,,,,,,,,,,,,,,,6.830180126843458,6.762466770043213,6.6887292883498235,6.6091800393497975,6.524046294974674,6.433569160736152,6.33800243963318,6.237611448211978,6.132671792492376,6.023468111641887,5.91029279738188,5.793444697148261,5.673227809002895,5.549949976202923,5.423921589185168,5.2954543025143765
67,,,,,,,,,,,,,,,,2.0,1.9788519721710498,1.955969636318744,1.9314185470828689,1.9052684444659709,1.877592924179737,1.8484690931455712,1.817977212402052,1.7862003297278302,1.7532239043252662,1.7191354259276894,1.6840240306917138,3.6644121438277963,3.6246067385830636,3.5816484937369926,3.5356601835832775
207,,,,,,,,,,,,,,,,2.0,4.331083473999368,4.286537220148747,4.238206686289212,4.186230656167774,4.130757151643445,4.071942731128012,4.009951754581006,3.9449556198800617,3.8771319755204767,3.806663914689179,3.7337391558083404,3.658549214652672,3.581288573112641,3.502153849604471,3.4213429760181833
78,,,,,,,,,,,,,,,,2.0,1.9796770783331692,1.9576011065716377,1.9338355392695794,1.9084481309841383,1.8815106147870713,1.8530983650779973,1.823290046913885,1.7921672541329332,1.7598141385955457,1.7263170328905568,1.6917640688612794,1.6562447942936136,1.6198497900777773,1.5826702901068321,1.5447978061098537
223,,,,,,,,,,,,,,,,2.0,1.9798421408455575,1.9579275638826263,1.934319300543005,1.9090847047908477,1.8822951332978974,1.8540256097520234,1.824354475505768,1.793363028836662,1.761135155137152,1.7277569503790124,1.693316340205111,1.6579026969906037,3.637707239391796,3.5983419242816606,3.5558431968818027
191,,,,,,,,,,,,,,,,,2.0,1.978274602483359,1.9548284162139307,3.9475078833584947,3.9075583296090013,3.864145060103003,3.81739290119964,3.7674351886725543,3.7144131348102514,3.658475164365414,3.5997762237165136,3.538477067731949,3.4747435289163877,3.4087457734707813,3.3406575489117434
99,,,,,,,,,,,,,,,,,2.0,4.329668194529345,4.2862084513540015,4.238941757421457,4.188004106500685,6.173712374364862,6.108176813800918,6.037293593305923,5.961265714438722,5.8803090624228895,5.794651386076582,5.704531232181808,5.610196841258109,5.511905011875774,5.409919940754711
130,,,,,,,,,,,,,,,,,2.0,1.9783570735523417,3.9741554294274293,8.800614633328523,8.711550687742779,8.614764698661975,8.510534955253691,8.399158717661624,8.280950806012639,8.156242119975335,10.099657068565584,9.997029798832427,9.885549926709023,16.6892224914493,16.51894696257726
60,,,,,,,,,,,,,,,,,2.0,4.329917876853795,4.286455627451828,4.239186207754288,4.188245619372603,4.1337792463022955,4.075941164324467,4.014893415874964,3.950805255149996,3.8838523683594413,3.8142160741405395,3.742082509204886,3.667641804310636,3.5910872556301743,3.5126144965220716
257,,,,,,,,,,,,,,,,,2.0,1.9786869922105605,1.9556435054650658,1.930935511269912,1.9046331431703007,3.8951290047490708,3.8536205473395264,5.844474489992741,5.784362639039593,5.719144184136678,5.649006403611444,5.5741490419352555,9.878242353831547,9.77827260442875,9.669635253922031
160,,,,,,,,,,,,,,,,,2.0,1.9786869922105605,1.9556435054650658,3.949945009865716,3.9075266017633488,3.86169816066966,3.81259079969216,3.760343805527581,3.705103981097173,3.6470249595454955,3.586266494080288,3.522993728235294,3.4573764512042544,3.3895883429227704,3.3198062135656543
102,,,,,,,,,,,,,,,,,2.0,1.9790994679042335,1.9564589345774808,1.9321433273764073,1.9062217937597883,1.8787673740575448,1.8498566591362855,1.8195694352028928,1.7879883180458755,3.7710744388706594,3.7335329410937454,3.6926688082508816,3.6485996881310276,3.6014514420655472,3.5513575466273863
106,,,,,,,,,,,,,,,,,2.0,1.9792644822563288,1.956785201415346,1.9326266653322537,1.9068576249589633,1.879550748741111,1.8507822817406874,1.8206316917182646,1.7891813044685168,1.756515930743381,1.7227224871187266,1.6878896131628942,1.6521072872492273,1.6154664433202297,1.57805859085889
103,,,,,,,,,,,,,,,,,2.0,1.9794295103670738,1.957111522662761,1.933110124198167,1.907493668243277,1.8803344500621861,1.8517083675037893,1.8216945683742491,1.7903750868787998,1.757834471462664,1.7241594064039436,1.689438329515422,1.6537610482975251,1.6172183568517302,1.5799016558131025
259,,,,,,,,,,,,,,,,,2.0,4.331999777678955,4.286550528123377,4.237336532034565,4.1844988755286465,4.128187760451999,4.068561793844266,4.0057872448728755,3.9400372741023277,3.8714911400858854,3.8003333883502917,3.726753027885613,3.650942700252601,3.573097846379731,3.493415876042434
33,,,,,,,,,,,,,,,,,2.0,1.9796770783331692,1.9576011065716377,1.9338355392695794,1.9084481309841383,1.8815106147870713,1.8530983650779973,1.823290046913885,1.7921672541329332,1.7598141385955457,1.7263170328905568,1.6917640688612794,1.6562447942936136,1.6198497900777773,1.5826702901068321
127,,,,,,,,,,,,,,,,,2.0,4.3315832239172956,4.287568010640781,4.23975605617382,4.188284789857583,4.133300953943605,4.074959907316997,4.0134248952202105,3.9488662897737816,3.881460806228069,3.811390699976466,3.738842949415709,3.664008429752791,3.5870810828312845,3.5082570879834267
236,,,,,,,,,,,,,,,,,2.0,6.831846779563166,6.760170342549081,6.682556654196371,6.599228216531254,6.510421907682335,6.416387861317347,6.317388294780319,6.213696293598866,6.105594560227438,8.047585195955673,15.469715770636565,18.121556984058568,23.567721141360224,23.333101654214733
186,,,,,,,,,,,,,,,,,,2.0,1.9783570735523417,1.9549914068820555,1.9299698020265794,1.903363176021505,1.8752462264717824,1.8456970827973354,1.8147969454273456,1.782629715268704,1.749281615806155,1.7148408102044965,1.6793970157770262,1.6430411181596407,1.6058647874871448
238,,,,,,,,,,,,,,,,,,2.0,1.97843954805941,1.9551544111400982,1.930211184049031,1.9036805884004586,1.8756371389764466,1.8461587956746721,1.815326603314217,1.7832243216220958,1.7499380477560813,1.7155558337330128,1.6801673011263891,1.6438632553730397,1.6067353019865778
56,,,,,,,,,,,,,,,,,,2.0,1.9785220260047067,1.955317428989192,1.9304525962612198,1.9039980537123575,1.8760281329704556,1.8466206240524252,1.815856415784486,1.7838191263098433,1.7505947260373595,1.716271155399201,1.6809379397808455,1.644685803963604,1.6076062883784763
4,,,,,,,,,,,,,,,,,,4.332249751615353,4.28822776544374,4.240408453853459,4.18892926733279,4.1339369707134095,4.07558694678647,4.0140424659139855,3.949473926432712,3.8820580707852845,3.8119771824098696,3.739418268474734,3.664572233558028,3.5876330493463646,3.5087969253593165
30,,,,,,,,,,,,,,,,,,4.33324996004336,4.287251386093866,4.237499357856677,4.18413635953634,4.127313918217321,4.067191887889786,4.003937701496983,3.9377255958928745,3.868735814718074,3.7971537942800344,3.7231693375598214,3.6469757814629653,3.568769162386598,3.488747385090455
278,,,,,,,,,,,,,,,,,,2.0,1.978769480471404,1.9558065640941125,1.9311770140739686,1.904950767334004,1.8772016040584412,1.8480068024771494,1.8174467811469026,1.7856047310408847,1.7525662397938562,1.7184189104671757,1.683251977195644,1.6471559200572348,1.6102220814677146
110,,,,,,,,,,,,,,,,,,2.0,12.094014224966521,11.973117724696525,11.84157632341375,11.699768607842739,11.54809943851825,11.386998025923212,11.216915909667419,11.038324854002493,10.85171467337101,10.657591001975856,10.456473021528723,10.248891161394514,10.035384785292658
28,,,,,,,,,,,,,,,,,,2.0,1.9790169658873211,1.9562958215592943,1.9319017037303097,1.9059039576700276,1.8783758091622822,1.8493940214462063,1.8190385393848587,1.7873921231640488,1.7545399738623608,1.7205693532525406,1.6855692001945317,1.6496297459618825,1.612842130806468
216,,,,,,,,,,,,,,,,,,2.0,1.9793469945917985,1.9569483552372928,1.9328683796495618,1.907175620086057,1.8799425585634493,1.8512452667129193,1.8211630525060583,1.789778096142018,1.7571750774279842,1.723440797007356,1.688663793793292,1.652933960949821,1.6163421627289973
269,,,,,,,,,,,,,,,,,,2.0,1.9795945522376157,1.9574378983287988,1.9335937040043938,1.9081299236834717,1.8811184781569654,1.8526349166573446,1.8227580655328817,1.7915696658078255,1.7591540019535725,1.7255975242205828,1.6909884668864352,1.6554164647622878,1.6189721702685764
230,,,,,,,,,,,,,,,,,,6.83281923279924,6.7650797123078625,6.6913137392682,6.611733753319379,6.526567114208299,6.436055020607154,6.340451373581564,6.240021592193121,6.135041388952771,6.025795513009448,5.9125764690614435,5.795683220016004,5.675419881396478,5.5520944154072325
148,,,,,,,,,,,,,,,,,,4.332999861026175,9.427388678990091,9.333148811500763,9.230611151613468,9.120070810954052,9.001843381810652,8.876263437466575,8.74368295695263,8.604469684582838,8.459005434951166,8.307684354291553,8.150911149238215,7.98909929406832,7.822669227465648
277,,,,,,,,,,,,,,,,,,,2.0,1.9783570735523417,1.9549914068820555,1.9299698020265794,1.903363176021505,1.8752462264717824,1.8456970827973354,1.8147969454273456,1.782629715268704,1.749281615806155,1.7148408102044965,1.6793970157770262,1.6430411181596407
243,,,,,,,,,,,,,,,,,,,4.332499756816082,4.287938936149962,6.278653820965536,6.215112613270284,6.146062240600088,6.071701243786258,8.04619046014243,7.966421763652408,7.879556437886765,7.7858446474904985,7.685554126727339,7.578968906301027,7.4663879749982405
199,,,,,,,,,,,,,,,,,,,2.0,6.829959040846427,6.760838516234076,6.6857250873780645,6.604834728241038,16.011979197117242,24.11999212827033,26.890732415362574,32.46152294711093,40.96515417207781,55.32401778636296,61.0988056440056,60.46282736223699
267,,,,,,,,,,,,,,,,,,,2.0,1.9788519721710498,1.955969636318744,1.9314185470828689,1.9052684444659709,1.877592924179737,1.8484690931455712,1.817977212402052,1.7862003297278302,1.7532239043252662,1.7191354259276894,1.6840240306917138,1.6479801162159202
326,,,,,,,,,,,,,,,,,,,2.0,1.978934467309641,1.9561327221400933,1.9316601103003896,1.9055861745750338,1.877984325875349,1.848931499458947,3.836333925131658,3.79529379805622,3.750938015140744,3.703393519793682,3.6527952164448867,3.5992853336126056
200,,,,,,,,,,,,,,,,,,,2.0,1.9798421408455575,3.9767907109909326,6.304491431417599,6.24068874203871,6.171354216637452,6.0966872130706955,6.016900679422972,5.932220143214225,5.842882650856812,5.749135664330358,5.651235922245733,5.54944827261227
152,,,,,,,,,,,,,,,,,,,2.0,1.9798421408455575,3.97670830521835,3.934986602206065,3.8898089205294,3.841304775044901,3.7896120487074603,3.7348763403084426,3.677250282353145,3.6168928335420114,3.5539685504341656,3.4886468429480177,3.4211012183917706
178,,,,,,,,,,,,,,,,,,,2.0,1.9799246772626797,1.9580908129530463,1.9345612265588126,1.9094030713145917,1.8826875152127032,1.8544894060634083,1.8248869228072893,1.7939612153482811,1.76179603522274,1.728477359447731,1.6940930099005103,1.6587322705711594
1,,,,,,,,,,,,,,,,,,,4.333166590228938,4.290208242140002,4.243428100739972,4.192960888800714,4.138950790973637,4.08155076813658,4.020921836639791,3.9572323171970067,3.8906570583151514,3.8213766392627115,3.7495765576422047,3.6754464066562695,3.599179047140302
80,,,,,,,,,,,,,,,,,,,2.0,4.331833145755164,4.287457911082838,4.239293718402478,4.187478919209135,4.132161129359846,4.0734965291753715,6.048441436916955,5.987479621622322,5.921205103934772,5.849808504816266,5.7734935175206665,5.692475940373062
249,,,,,,,,,,,,,,,,,,,4.333166590228938,4.290208242140002,6.283595962684715,6.21844915489556,6.147823795727333,6.071922555829286,5.990961436803353,5.905168748225339,5.814784036677094,5.720056973808365,5.621246210634673,5.5186182054052475,5.412446032442701
227,,,,,,,,,,,,,,,,,,,2.0,6.83125004341665,6.763526079627815,6.6897770472941405,6.610215337266981,6.525068257078987,6.4345769500099355,6.33899525881586,6.2385885416036055,8.19117658196533,13.01563651052184,15.60695797268987,18.262568097920937
18,,,,,,,,,,,,,,,,,,,,2.0,1.978274602483359,1.9548284162139307,1.929728450190089,1.9030458165666702,1.874855395439479,1.8452354853915283,1.8142674420787681,1.7820353071835338,1.7486254300951771,1.7141260846893913,1.678627083570781
312,,,,,,,,,,,,,,,,,,,,2.0,1.97843954805941,1.9551544111400982,1.930211184049031,1.9036805884004586,1.8756371389764466,1.8461587956746721,1.815326603314217,1.7832243216220958,1.7499380477560813,1.7155558337330128,1.6801673011263891
320,,,,,,,,,,,,,,,,,,,,2.0,1.978934467309641,1.9561327221400933,1.9316601103003896,1.9055861745750338,1.877984325875349,1.848931499458947,1.81850779846631,1.7867961270801296,1.753881815650564,1.719852240147954,1.6847964383038694
8,,,,,,,,,,,,,,,,,,,,2.0,1.978934467309641,1.9561327221400933,1.9316601103003896,1.9055861745750338,1.877984325875349,1.848931499458947,1.81850779846631,1.7867961270801296,1.753881815650564,1.719852240147954,1.6847964383038694
232,,,,,,,,,,,,,,,,,,,,2.0,1.9790994679042335,8.807899237021466,8.718034673132774,8.620457885603566,10.596772364208874,10.486033273754035,10.366074984820093,10.237241507616448,10.099899212083198,12.044474606943304,14.376803773733252
121,,,,,,,,,,,,,,,,,,,,2.0,1.9792644822563288,1.956785201415346,1.9326266653322537,1.9068576249589633,1.879550748741111,1.8507822817406874,1.8206316917182646,1.7891813044685168,1.756515930743381,1.7227224871187266,1.6878896131628942
359,,,,,,,,,,,,,,,,,,,,4.333083223889925,6.828028381517774,6.759490944808498,6.684949822216305,6.604619480363704,6.518729181346619,6.4275218937007566,6.331253148912496,6.230189850994403,8.180780085032556,8.098326578668779,8.008687411273648
111,,,,,,,,,,,,,,,,,,,,2.0,1.979759607869102,1.957764328422535,1.9340774047811884,1.9087663913503135,1.8819028331617014,1.8535619294332224,1.8238221835564088,1.792765041787049,1.7604745229590855,1.7270368415683361,1.6925400265797823
274,,,,,,,,,,,,,,,,,,,,2.0,1.9799246772626797,1.9580908129530463,1.9345612265588126,1.9094030713145917,1.8826875152127032,1.8544894060634083,1.8248869228072893,1.7939612153482811,1.76179603522274,1.728477359447731,1.6940930099005103
133,,,,,,,,,,,,,,,,,,,,2.0,1.9800897604194965,6.3096286765221485,6.2460343734330666,6.176897951813485,6.102418264128205,6.022807799629076,5.938291675367246,5.8491065771489135,5.755499657396358,5.657727397081209,5.556054439042328
333,,,,,,,,,,,,,,,,,,,,2.0,1.9800897604194965,1.9584173519294104,1.9350451693675346,1.910039963647119,1.8834725244463364,1.8554173467800028,1.825952283648192,1.7951581870236861,1.7631185394886302,1.7299190788601275,1.6956474181548626
208,,,,,,,,,,,,,,,,,,,,,4.33324996004336,4.286357854961092,4.23573321787839,4.181520783758284,4.123874203221595,4.062955317965157,3.9989334051418504,3.931984395629929,5.9006383961118605,5.8367848547112215,5.767848679758501
27,,,,,,,,,,,,,,,,,,,,,2.0,1.9783570735523417,1.9549914068820555,1.9299698020265794,1.903363176021505,1.8752462264717824,3.862391718367257,6.194598121575682,6.128585362566887,6.0572127927127895,5.980684745498188
64,,,,,,,,,,,,,,,,,,,,,4.332499756816082,4.287760186361805,4.239239136583601,4.18707589239461,4.1314189551142,4.072425338902173,4.010259833920323,3.945094241052465,3.877106583145021,3.80648029782001,3.7334034169606416
96,,,,,,,,,,,,,,,,,,,,,4.333166590228938,4.287168901271681,4.23741783024153,4.184055858601701,4.127234510521343,6.104756849232357,6.042723601611359,5.975339381704024,5.902797876822458,5.8253058995150555,5.7430824062623795
138,,,,,,,,,,,,,,,,,,,,,4.333333333333334,4.287512606370608,4.237934212023946,4.184740185346216,4.128081629676271,4.068118002389431,4.005016368482071,5.977562632198984,5.913616183632617,5.844503464132221,5.770422269872364
196,,,,,,,,,,,,,,,,,,,,,2.0,1.9792644822563288,1.956785201415346,1.9326266653322537,1.9068576249589633,1.879550748741111,1.8507822817406874,1.8206316917182646,1.7891813044685168,1.756515930743381,1.7227224871187266
360,,,,,,,,,,,,,,,,,,,,,2.0,4.331749835002977,4.286124526125121,4.236738798187137,4.183734182037773,4.127261298649678,4.067479146874359,4.0045543588565495,5.97478332880681,5.914563908396611,5.849096483848623
325,,,,,,,,,,,,,,,,,,,,,4.333166590228938,4.288777695771147,4.240598676971127,4.188767927911914,4.133433109890326,4.074750451303256,4.012884013888349,3.9480049301341835,3.8802906168094133,10.676275160471455,10.569110325732005
112,,,,,,,,,,,,,,,,,,,,,2.0,1.9796770783331692,1.9576011065716377,1.9338355392695794,1.9084481309841383,1.8815106147870713,1.8530983650779973,1.823290046913885,1.7921672541329332,1.7598141385955457,1.7263170328905568
161,,,,,,,,,,,,,,,,,,,,,2.0,1.9798421408455575,1.9579275638826263,1.934319300543005,1.9090847047908477,1.8822951332978974,1.8540256097520234,1.824354475505768,1.793363028836662,3.7782506121560733,3.7381435004534187
397,,,,,,,,,,,,,,,,,,,,,2.0,1.9800072171206113,1.9582540756349291,1.934803182832394,1.9097214909303972,1.8830799789231656,1.8549533183963933,1.8254195255063126,1.794559601388438,1.7624571633088777,1.7291980688996862
250,,,,,,,,,,,,,,,,,,,,,2.0,1.980172307159478,1.9585806418376244,1.9352871861680185,1.9103584894736116,1.8838651517992695,1.8558814912432668,1.8264851972782943,1.7957569723206022,1.7637801638550963,1.7306403894543556
164,,,,,,,,,,,,,,,,,,,,,,2.0,1.978274602483359,1.9548284162139307,1.929728450190089,1.9030458165666702,1.874855395439479,3.863401292153976,3.8219122759108433,3.7770879408640172,3.729056527418797
407,,,,,,,,,,,,,,,,,,,,,,2.0,1.978274602483359,1.9548284162139307,1.929728450190089,3.922021107043046,3.879417373233463,3.8334391545192825,3.784217856253498,3.7318929301222252,3.6766112167835874
370,,,,,,,,,,,,,,,,,,,,,,4.33324996004336,4.286357854961092,4.23573321787839,4.181520783758284,4.123874203221595,4.062955317965157,3.9989334051418504,3.931984395629929,3.86229007123011,3.790037245898304
379,,,,,,,,,,,,,,,,,,,,,,2.0,1.97843954805941,1.9551544111400982,1.930211184049031,1.9036805884004586,1.8756371389764466,1.8461587956746721,3.832052002175012,3.7932708845800045,3.7511273572591968
389,,,,,,,,,,,,,,,,,,,,,,2.0,6.830958249066006,9.422989462080933,12.0829805374109,11.951726759730358,16.25006754343851,16.088296174443897,15.912207123547452,15.722307350913423,15.51913920996626
424,,,,,,,,,,,,,,,,,,,,,,2.0,1.97843954805941,1.9551544111400982,3.949376074363115,3.906638046417324,3.860498143962738,3.8110882801835455,3.758548494101561,3.703026290183687,3.644675949660797
398,,,,,,,,,,,,,,,,,,,,,,2.0,1.97843954805941,1.9551544111400982,3.948319920225291,3.907710483232056,3.863651205515915,3.8162686056804045,3.7656976240142717,3.7120809829331987,3.655568516931533
384,,,,,,,,,,,,,,,,,,,,,,2.0,1.97843954805941,1.9551544111400982,1.930211184049031,1.9036805884004586,1.8756371389764466,1.8461587956746721,3.832892305452492,6.1603181970918,6.0984830091061974
53,,,,,,,,,,,,,,,,,,,,,,2.0,1.9785220260047067,1.955317428989192,1.9304525962612198,1.9039980537123575,1.8760281329704556,1.8466206240524252,1.815856415784486,1.7838191263098433,1.7505947260373595
244,,,,,,,,,,,,,,,,,,,,,,2.0,1.9786869922105605,1.9556435054650658,1.930935511269912,1.9046331431703007,1.8768103654944606,1.8475446274247602,3.8347270324849774,3.7937040955394137,3.749366891554447
146,,,,,,,,,,,,,,,,,,,,,,2.0,1.9786869922105605,1.9556435054650658,1.930935511269912,1.9046331431703007,1.8768103654944606,1.8475446274247602,1.8169165046556934,1.7850093309530495,1.7519088219637575
251,,,,,,,,,,,,,,,,,,,,,,2.0,1.9790994679042335,1.9564589345774808,1.9321433273764073,1.9062217937597883,1.8787673740575448,1.8498566591362855,1.8195694352028928,1.7879883180458755,1.7551983790533026
310,,,,,,,,,,,,,,,,,,,,,,2.0,1.9791819733605216,1.9566220611957867,1.932384981242462,1.9065396828531538,1.8791590205781492,1.850319412558129,1.8201004859656211,1.7885847117919211,1.755857031316071
177,,,,,,,,,,,,,,,,,,,,,,2.0,1.9793469945917985,1.9569483552372928,1.9328683796495618,1.907175620086057,1.8799425585634493,1.8512452667129193,1.8211630525060583,1.789778096142018,1.7571750774279842
412,,,,,,,,,,,,,,,,,,,,,,2.0,1.9793469945917985,1.9569483552372928,1.9328683796495618,1.907175620086057,1.8799425585634493,1.8512452667129193,1.8211630525060583,1.789778096142018,1.7571750774279842
386,,,,,,,,,,,,,,,,,,,,,,2.0,4.33125004341665,4.287416943768789,4.2397834162398365,4.188486421714842,4.133672257704143,4.075495863918768,4.014120093666547,3.949714955856472,3.8824568325380038
337,,,,,,,,,,,,,,,,,,,,,,2.0,4.331333333333333,4.287499390775185,4.239864947253737,4.188566966287794,4.133751748200996,4.075574235683858,4.014197285175882,3.9497909088553294,3.882531492163486
413,,,,,,,,,,,,,,,,,,,,,,2.0,1.9800897604194965,1.9584173519294104,1.9350451693675346,1.910039963647119,1.8834725244463364,1.8554173467800028,1.825952283648192,1.7951581870236861,1.7631185394886302
318,,,,,,,,,,,,,,,,,,,,,,2.0,1.980172307159478,1.9585806418376244,1.9352871861680185,1.9103584894736116,1.8838651517992695,3.8726682464730633,3.83411537017152,10.65658913030778,10.549621897272807
168,,,,,,,,,,,,,,,,,,,,,,2.0,1.980172307159478,1.9585806418376244,1.9352871861680185,1.9103584894736116,1.8838651517992695,1.8558814912432668,1.8264851972782943,1.7957569723206022,1.7637801638550963
409,,,,,,,,,,,,,,,,,,,,,,,2.0,1.978274602483359,1.9548284162139307,1.929728450190089,1.9030458165666702,1.874855395439479,1.8452354853915283,1.8142674420787681,1.7820353071835338
371,,,,,,,,,,,,,,,,,,,,,,,2.0,1.9783570735523417,1.9549914068820555,1.9299698020265794,1.903363176021505,1.8752462264717824,3.8624693584662024,8.691255861323574,8.603298647951997
440,,,,,,,,,,,,,,,,,,,,,,,4.333333333333334,4.286797723010198,4.23652109614325,4.182647291899309,4.125329116376775,4.0647276214359875,4.001011352113589,3.9343555675330544,3.864941440337995
26,,,,,,,,,,,,,,,,,,,,,,,2.0,1.978604507388376,1.9554804604304703,1.9306940386669216,1.9043155719660287,1.876419208470797,1.847082567959488,3.834268178620791,3.7930920225050917
369,,,,,,,,,,,,,,,,,,,,,,,2.0,1.978769480471404,1.9558065640941125,1.9311770140739686,1.904950767334004,3.8957611358849253,3.8537639505137924,3.8084072847867856,3.75982085743432
348,,,,,,,,,,,,,,,,,,,,,,,2.0,6.830166824614076,6.759916886685636,11.077070763178604,10.966797196806064,10.846763795579466,10.717316135515553,10.578823918909112,10.431679216897354
54,,,,,,,,,,,,,,,,,,,,,,,2.0,4.331416626722239,4.28561616704189,4.23605970205743,4.182889203997225,4.126255709364562,4.066318605004072,4.003244882016454,3.9372083624001983
507,,,,,,,,,,,,,,,,,,,,,,,4.333166590228938,4.28824136386995,4.23953812951369,4.187196648801642,4.131365876397741,4.072203254542384,4.009873974513214,3.9445502098327876,3.876410326192603
129,,,,,,,,,,,,,,,,,,,,,,,2.0,6.829805811884633,12.09101105960827,14.78968149604022,14.64122768143263,14.47976973194901,14.30577218769687,14.11973163615189,13.922174353283628
311,,,,,,,,,,,,,,,,,,,,,,,2.0,1.9794295103670738,1.957111522662761,1.933110124198167,1.907493668243277,1.8803344500621861,1.8517083675037893,1.8216945683742491,1.7903750868787998
335,,,,,,,,,,,,,,,,,,,,,,,2.0,1.9794295103670738,1.957111522662761,1.933110124198167,1.907493668243277,1.8803344500621861,1.8517083675037893,1.8216945683742491,1.7903750868787998
529,,,,,,,,,,,,,,,,,,,,,,,2.0,1.979759607869102,1.957764328422535,1.9340774047811884,1.9087663913503135,1.8819028331617014,1.8535619294332224,1.8238221835564088,1.792765041787049
206,,,,,,,,,,,,,,,,,,,,,,,2.0,1.9800897604194965,1.9584173519294104,1.9350451693675346,1.910039963647119,1.8834725244463364,1.8554173467800028,1.825952283648192,1.7951581870236861
266,,,,,,,,,,,,,,,,,,,,,,,2.0,6.831416626722239,6.763409055866102,8.754674260146757,8.661380039796502,8.560510929659094,8.45235570925901,8.337221376767724,8.215431698985492
467,,,,,,,,,,,,,,,,,,,,,,,,2.0,1.978274602483359,1.9548284162139307,1.929728450190089,1.9030458165666702,1.874855395439479,1.8452354853915283,1.8142674420787681
351,,,,,,,,,,,,,,,,,,,,,,,,2.0,1.97843954805941,1.9551544111400982,1.930211184049031,1.9036805884004586,1.8756371389764466,1.8461587956746721,1.815326603314217
215,,,,,,,,,,,,,,,,,,,,,,,,2.0,1.97843954805941,1.9551544111400982,3.947589071812712,3.90845328002446,3.8658357689910665,3.8198592734680217,3.7706551481453348
516,,,,,,,,,,,,,,,,,,,,,,,,4.33324996004336,4.286893951291146,4.236792813512953,4.1830899329546956,4.125937688065871,4.065496730065337,4.0019352319036186,3.935428110526113
505,,,,,,,,,,,,,,,,,,,,,,,,2.0,1.978604507388376,1.9554804604304703,1.9306940386669216,1.9043155719660287,1.876419208470797,1.847082567959488,1.8163863828832687
6,,,,,,,,,,,,,,,,,,,,,,,,2.0,1.9788519721710498,1.955969636318744,1.9314185470828689,1.9052684444659709,1.877592924179737,1.8484690931455712,1.817977212402052
610,,,,,,,,,,,,,,,,,,,,,,,,2.0,1.9788519721710498,1.955969636318744,1.9314185470828689,1.9052684444659709,1.877592924179737,1.8484690931455712,1.817977212402052
280,,,,,,,,,,,,,,,,,,,,,,,,2.0,1.9788519721710498,1.955969636318744,3.949538610423135,3.9089166389028596,3.864843761830293,3.817446536860261,3.7668599459322403
617,,,,,,,,,,,,,,,,,,,,,,,,2.0,1.978934467309641,1.9561327221400933,1.9316601103003896,1.9055861745750338,1.877984325875349,1.848931499458947,1.81850779846631
344,,,,,,,,,,,,,,,,,,,,,,,,6.832791429539282,6.761950695576274,6.685152576840037,6.602617457690652,6.514580218585617,6.421289123691201,6.323004656310462,6.21999830976008
122,,,,,,,,,,,,,,,,,,,,,,,,2.0,1.9790169658873211,1.9562958215592943,1.9319017037303097,1.9059039576700276,1.8783758091622822,1.8493940214462063,1.8190385393848587
258,,,,,,,,,,,,,,,,,,,,,,,,4.3325830988312966,9.429152779779733,20.32285796600754,23.111847227333,22.871275701699915,24.8360253693377,29.621778139077747,29.326889789302967
530,,,,,,,,,,,,,,,,,,,,,,,,2.0,1.9790994679042335,1.9564589345774808,1.9321433273764073,1.9062217937597883,1.8787673740575448,1.8498566591362855,1.8195694352028928
588,,,,,,,,,,,,,,,,,,,,,,,,2.0,1.9792644822563288,1.956785201415346,1.9326266653322537,1.9068576249589633,1.879550748741111,1.8507822817406874,1.8206316917182646
436,,,,,,,,,,,,,,,,,,,,,,,,2.0,4.332499756816082,4.285615770030448,4.234999897447018,4.180796848971269,4.123160248622929,4.062251910079637,3.9982410811878046
193,,,,,,,,,,,,,,,,,,,,,,,,2.0,4.330916918469238,4.287444641025843,4.240164314858767,4.1892119729590815,4.1347330328667455,4.076881605912754,4.015819771920992
556,,,,,,,,,,,,,,,,,,,,,,,,12.098070078283353,28.771198891981083,37.307384023105236,48.81270015618536,48.31870606012079,47.7818815698824,54.4656097572294,53.91890241024874
276,,,,,,,,,,,,,,,,,,,,,,,,2.0,1.9795945522376157,1.9574378983287988,1.9335937040043938,1.9081299236834717,1.8811184781569654,1.8526349166573446,1.8227580655328817
119,,,,,,,,,,,,,,,,,,,,,,,,2.0,1.9796770783331692,1.9576011065716377,1.9338355392695794,1.9084481309841383,1.8815106147870713,1.8530983650779973,1.823290046913885
595,,,,,,,,,,,,,,,,,,,,,,,,2.0,1.9796770783331692,1.9576011065716377,1.9338355392695794,1.9084481309841383,1.8815106147870713,1.8530983650779973,1.823290046913885
13,,,,,,,,,,,,,,,,,,,,,,,,2.0,1.9796770783331692,1.9576011065716377,1.9338355392695794,1.9084481309841383,1.8815106147870713,1.8530983650779973,1.823290046913885
3,,,,,,,,,,,,,,,,,,,,,,,,4.333333333333334,4.2894791503830545,4.241822711582159,4.190501043692575,4.135660514592346,4.07745613851702,4.016050847105316,3.951614731038886
233,,,,,,,,,,,,,,,,,,,,,,,,2.0,1.979759607869102,1.957764328422535,1.9340774047811884,1.9087663913503135,1.8819028331617014,1.8535619294332224,1.8238221835564088
198,,,,,,,,,,,,,,,,,,,,,,,,4.333333333333334,4.289657971832042,4.242176388412357,4.191025151176511,4.136350193713503,4.078306122145444,4.017055487796051,3.9527680302624972
476,,,,,,,,,,,,,,,,,,,,,,,,2.0,6.831138799711539,6.762288232817022,8.754117985916483,8.659024639340677,8.556399298879501,8.4465352668719,8.329743805414704
298,,,,,,,,,,,,,,,,,,,,,,,,4.333333333333334,6.8288195385138515,6.760274160438559,6.685724400839117,6.605384751188071,6.519484500145721,8.486411380053184,8.401928138175398
380,,,,,,,,,,,,,,,,,,,,,,,,2.0,1.9799246772626797,1.9580908129530463,1.9345612265588126,1.9094030713145917,1.8826875152127032,1.8544894060634083,1.8248869228072893
328,,,,,,,,,,,,,,,,,,,,,,,,2.0,1.9800897604194965,1.9584173519294104,1.9350451693675346,1.910039963647119,1.8834725244463364,1.8554173467800028,1.825952283648192
554,,,,,,,,,,,,,,,,,,,,,,,,4.333333333333334,14.807792072376962,17.544834444208668,20.31749316521712,23.07941453292059,25.894710161340896,28.69567915403297,28.391067065699957
134,,,,,,,,,,,,,,,,,,,,,,,,2.0,4.3315832239172956,6.830138881288072,6.757071788302589,6.678101562192627,8.653647820159417,8.566785433737014,8.472314147592655
695,,,,,,,,,,,,,,,,,,,,,,,,,4.33324996004336,4.286893951291146,4.236792813512953,4.1830899329546956,4.125937688065871,4.065496730065337,4.0019352319036186
180,,,,,,,,,,,,,,,,,,,,,,,,,2.0,1.978604507388376,1.9554804604304703,1.9306940386669216,1.9043155719660287,1.876419208470797,1.847082567959488
446,,,,,,,,,,,,,,,,,,,,,,,,,2.0,1.978769480471404,1.9558065640941125,1.9311770140739686,1.904950767334004,1.8772016040584412,1.8480068024771494
601,,,,,,,,,,,,,,,,,,,,,,,,,2.0,1.978769480471404,1.9558065640941125,1.9311770140739686,1.904950767334004,1.8772016040584412,1.8480068024771494
167,,,,,,,,,,,,,,,,,,,,,,,,,2.0,1.978934467309641,1.9561327221400933,1.9316601103003896,1.9055861745750338,1.877984325875349,1.848931499458947
531,,,,,,,,,,,,,,,,,,,,,,,,,6.831707825245588,14.805191526843927,14.653527363828736,14.48891342940993,14.311822576606856,14.122759321859158,13.922257452938382
228,,,,,,,,,,,,,,,,,,,,,,,,,2.0,1.9793469945917985,1.9569483552372928,1.9328683796495618,1.907175620086057,1.8799425585634493,1.8512452667129193
342,,,,,,,,,,,,,,,,,,,,,,,,,2.0,1.9794295103670738,1.957111522662761,1.933110124198167,1.907493668243277,1.8803344500621861,1.8517083675037893
339,,,,,,,,,,,,,,,,,,,,,,,,,2.0,1.9795945522376157,8.80637891132534,8.718710354344749,13.033310922430836,15.519734839817982,15.36523402037465
596,,,,,,,,,,,,,,,,,,,,,,,,,2.0,1.9795945522376157,3.9769555328423314,3.9337550629138294,3.887132842809702,3.8372221184333664,3.7841642947236362
698,,,,,,,,,,,,,,,,,,,,,,,,,2.0,1.9796770783331692,3.977120368436329,3.9339181079484247,3.887293955461277,3.8373811624010368,3.784321139567425
683,,,,,,,,,,,,,,,,,,,,,,,,,2.0,1.9796770783331692,1.9576011065716377,1.9338355392695794,1.9084481309841383,1.8815106147870713,1.8530983650779973
636,,,,,,,,,,,,,,,,,,,,,,,,,2.0,1.9796770783331692,8.809762767598077,11.401686815122213,11.278774054812661,11.146029135512045,11.003831703786634
364,,,,,,,,,,,,,,,,,,,,,,,,,4.333333333333334,6.8309855729443765,9.423585647011047,9.324717937463555,9.217660612676925,9.102720583354566,8.98022459004041
289,,,,,,,,,,,,,,,,,,,,,,,,,2.0,4.3315832239172956,4.287210549440581,4.239049135556898,4.187237325779215,4.131922727447983,4.073261511873257
545,,,,,,,,,,,,,,,,,,,,,,,,,2.0,9.429471825552667,9.335600303970487,11.321989007394663,13.64541498094294,13.500565356328588,13.343896094758172
559,,,,,,,,,,,,,,,,,,,,,,,,,4.333333333333334,6.830082926913968,6.759552057099959,6.683059774979302,8.666364654190215,8.572581907800602,8.471334213924123
594,,,,,,,,,,,,,,,,,,,,,,,,,2.0,14.808965514790469,17.556496324842044,17.366509345523475,17.161399725011293,16.941753868167886,16.708194302330618
548,,,,,,,,,,,,,,,,,,,,,,,,,2.0,1.9799246772626797,1.9580908129530463,1.9345612265588126,1.9094030713145917,1.8826875152127032,1.8544894060634083
188,,,,,,,,,,,,,,,,,,,,,,,,,2.0,1.9799246772626797,1.9580908129530463,1.9345612265588126,1.9094030713145917,1.8826875152127032,1.8544894060634083
466,,,,,,,,,,,,,,,,,,,,,,,,,2.0,1.9800072171206113,1.9582540756349291,3.954013666682425,3.9112254532019035,3.8650313705291746,3.8155634867487347
537,,,,,,,,,,,,,,,,,,,,,,,,,2.0,1.9800072171206113,1.9582540756349291,1.934803182832394,1.9097214909303972,1.8830799789231656,1.8549533183963933
718,,,,,,,,,,,,,,,,,,,,,,,,,2.0,4.3327497932850525,4.28639913518993,4.236303780351539,4.182607098465393,4.125461450392658,4.065027468808973
197,,,,,,,,,,,,,,,,,,,,,,,,,4.33324996004336,4.290290785438888,4.243509743992292,4.1930415610674965,4.139030424090011,4.081629296880632,4.020999198887549
478,,,,,,,,,,,,,,,,,,,,,,,,,,2.0,1.9783570735523417,1.9549914068820555,1.9299698020265794,1.903363176021505,1.8752462264717824
526,,,,,,,,,,,,,,,,,,,,,,,,,,2.0,1.9783570735523417,1.9549914068820555,3.9482387013044553,3.9073043144808812,3.862927531183951
194,,,,,,,,,,,,,,,,,,,,,,,,,,2.0,1.9783570735523417,1.9549914068820555,1.9299698020265794,1.903363176021505,1.8752462264717824
291,,,,,,,,,,,,,,,,,,,,,,,,,,2.0,1.97843954805941,1.9551544111400982,1.930211184049031,1.9036805884004586,1.8756371389764466
625,,,,,,,,,,,,,,,,,,,,,,,,,,2.0,4.330583849065799,4.285685399944419,4.237011194670131,4.184700911580875,4.128903416557628
217,,,,,,,,,,,,,,,,,,,,,,,,,,2.0,1.978604507388376,1.9554804604304703,1.9306940386669216,1.9043155719660287,1.876419208470797
567,,,,,,,,,,,,,,,,,,,,,,,,,,2.0,1.978604507388376,1.9554804604304703,1.9306940386669216,1.9043155719660287,1.876419208470797
599,,,,,,,,,,,,,,,,,,,,,,,,,,2.0,9.429159648968401,9.332178433565247,9.226958499011406,11.204675808536912,11.082962790544135
283,,,,,,,,,,,,,,,,,,,,,,,,,,2.0,1.978769480471404,1.9558065640941125,1.9311770140739686,1.904950767334004,1.8772016040584412
2,,,,,,,,,,,,,,,,,,,,,,,,,,2.0,1.9788519721710498,1.955969636318744,1.9314185470828689,1.9052684444659709,1.877592924179737
716,,,,,,,,,,,,,,,,,,,,,,,,,,2.0,1.978934467309641,1.9561327221400933,1.9316601103003896,1.9055861745750338,1.877984325875349
576,,,,,,,,,,,,,,,,,,,,,,,,,,4.332166423496266,12.09505515369889,11.969656538323788,11.833712467530201,11.687613054351388,11.531774072064968
707,,,,,,,,,,,,,,,,,,,,,,,,,,2.0,1.978934467309641,1.9561327221400933,1.9316601103003896,1.9055861745750338,1.877984325875349
375,,,,,,,,,,,,,,,,,,,,,,,,,,6.83324996004336,6.762686385853176,11.083657926408188,13.570266568527227,16.158391842877368,15.989532349213354
185,,,,,,,,,,,,,,,,,,,,,,,,,,2.0,1.9793469945917985,3.9745669604747236,8.807071931064971,11.399365261307834,11.276007449357595
666,,,,,,,,,,,,,,,,,,,,,,,,,,4.333083223889925,4.28923157209625,6.283692122794019,6.215693379577338,6.142282051777384,6.063668021112374
679,,,,,,,,,,,,,,,,,,,,,,,,,,2.0,1.9795945522376157,1.9574378983287988,1.9335937040043938,1.9081299236834717,1.8811184781569654
608,,,,,,,,,,,,,,,,,,,,,,,,,,4.333333333333334,14.803312355535382,14.656554590331451,14.496740507313662,14.324330357255166,14.139816715363311
687,,,,,,,,,,,,,,,,,,,,,,,,,,2.0,1.979759607869102,1.957764328422535,1.9340774047811884,1.9087663913503135,1.8819028331617014
123,,,,,,,,,,,,,,,,,,,,,,,,,,2.0,1.9798421408455575,1.9579275638826263,3.9525479731672606,3.911731975834261,3.867466127543083
480,,,,,,,,,,,,,,,,,,,,,,,,,,2.0,1.9799246772626797,1.9580908129530463,1.9345612265588126,3.9269952378676845,3.887253276112379
497,,,,,,,,,,,,,,,,,,,,,,,,,,4.333333333333334,4.290015637094658,4.242883830542347,8.564049582300651,16.320012525456868,16.157544845787534
214,,,,,,,,,,,,,,,,,,,,,,,,,,2.0,4.33125004341665,4.288131930392904,4.24119762028609,4.190582236918156,4.13643033773706
764,,,,,,,,,,,,,,,,,,,,,,,,,,2.0,1.9800072171206113,3.977367647597206,3.9349828137698544,5.925807307608535,5.8646144424225355
768,,,,,,,,,,,,,,,,,,,,,,,,,,2.0,1.9800897604194965,1.9584173519294104,1.9350451693675346,1.910039963647119,1.8834725244463364
420,,,,,,,,,,,,,,,,,,,,,,,,,,2.0,1.980172307159478,6.3084599639591445,6.244877440241681,6.175753824542805,6.101287932494502
734,,,,,,,,,,,,,,,,,,,,,,,,,,4.333333333333334,14.808402683802218,14.658538745226018,14.495681267632257,14.32029851582149,14.132890676211728
331,,,,,,,,,,,,,,,,,,,,,,,,,,2.0,1.980172307159478,1.9585806418376244,1.9352871861680185,1.9103584894736116,1.8838651517992695
580,,,,,,,,,,,,,,,,,,,,,,,,,,,6.831707825245588,6.760032846073097,6.682420736320939,6.59909399348982,6.510289490890432
41,,,,,,,,,,,,,,,,,,,,,,,,,,,2.0,1.978274602483359,1.9548284162139307,1.929728450190089,1.9030458165666702
790,,,,,,,,,,,,,,,,,,,,,,,,,,,2.0,1.978604507388376,1.9554804604304703,1.9306940386669216,1.9043155719660287
524,,,,,,,,,,,,,,,,,,,,,,,,,,,2.0,4.330667111209918,4.285767798846704,4.2370926577358565,4.184781368900843
620,,,,,,,,,,,,,,,,,,,,,,,,,,,2.0,1.978604507388376,1.9554804604304703,1.9306940386669216,1.9043155719660287
857,,,,,,,,,,,,,,,,,,,,,,,,,,,2.0,1.978604507388376,1.9554804604304703,1.9306940386669216,1.9043155719660287
788,,,,,,,,,,,,,,,,,,,,,,,,,,,2.0,1.9788519721710498,1.955969636318744,1.9314185470828689,1.9052684444659709
811,,,,,,,,,,,,,,,,,,,,,,,,,,,2.0,1.9788519721710498,1.955969636318744,1.9314185470828689,1.9052684444659709
141,,,,,,,,,,,,,,,,,,,,,,,,,,,2.0,1.978934467309641,3.9753079325562983,3.932781096806329,3.8868184931540455
775,,,,,,,,,,,,,,,,,,,,,,,,,,,2.0,1.9790169658873211,1.9562958215592943,1.9319017037303097,1.9059039576700276
846,,,,,,,,,,,,,,,,,,,,,,,,,,,4.33324996004336,4.287966345108927,6.279929925830843,6.2135258594131795,6.141676126567276
51,,,,,,,,,,,,,,,,,,,,,,,,,,,2.0,1.9790994679042335,1.9564589345774808,1.9321433273764073,1.9062217937597883
677,,,,,,,,,,,,,,,,,,,,,,,,,,,4.333333333333334,4.28804884712584,4.238994358251209,6.225233118952575,6.161718784343849
297,,,,,,,,,,,,,,,,,,,,,,,,,,,2.0,1.9791819733605216,1.9566220611957867,1.932384981242462,1.9065396828531538
746,,,,,,,,,,,,,,,,,,,,,,,,,,,2.0,4.330667111209918,4.287197341247199,4.2399197422090245,4.188970339240084
638,,,,,,,,,,,,,,,,,,,,,,,,,,,2.0,1.9793469945917985,1.9569483552372928,1.9328683796495618,1.907175620086057
192,,,,,,,,,,,,,,,,,,,,,,,,,,,2.0,1.9793469945917985,3.9751432480678934,3.9345859591196715,3.890548022526966
815,,,,,,,,,,,,,,,,,,,,,,,,,,,2.0,4.331000194498482,4.286990905652571,4.239185386656103,4.187721048352312
886,,,,,,,,,,,,,,,,,,,,,,,,,,,2.0,1.9794295103670738,1.957111522662761,1.933110124198167,1.907493668243277
819,,,,,,,,,,,,,,,,,,,,,,,,,,,4.333333333333334,4.289121529848168,4.241115446379064,4.1894530253428535,4.134281501314189
226,,,,,,,,,,,,,,,,,,,,,,,,,,,2.0,1.9795945522376157,1.9574378983287988,1.9335937040043938,1.9081299236834717
176,,,,,,,,,,,,,,,,,,,,,,,,,,,2.0,9.42763179660501,9.33377859273142,9.231618849036346,9.121446683298148
416,,,,,,,,,,,,,,,,,,,,,,,,,,,2.0,1.979759607869102,1.957764328422535,1.9340774047811884,1.9087663913503135
604,,,,,,,,,,,,,,,,,,,,,,,,,,,2.0,6.832083098850848,6.7604041824889265,6.682787809413895,6.599456489348504
329,,,,,,,,,,,,,,,,,,,,,,,,,,,2.0,1.979759607869102,3.9756373427276928,3.9357312413567924,3.8923294782140787
225,,,,,,,,,,,,,,,,,,,,,,,,,,,2.0,1.979759607869102,3.9759668078328314,3.935401116331728,3.8913540560746798
814,,,,,,,,,,,,,,,,,,,,,,,,,,,2.0,4.331499923583512,14.805615529620692,25.93319456148894,28.76004216352571
925,,,,,,,,,,,,,,,,,,,,,,,,,,,6.833333333333334,6.764460647888989,6.689585843265641,6.6089242768552685,6.5227060747020635
796,,,,,,,,,,,,,,,,,,,,,,,,,,,2.0,1.9798421408455575,1.9579275638826263,1.934319300543005,1.9090847047908477
490,,,,,,,,,,,,,,,,,,,,,,,,,,,2.0,1.9798421408455575,1.9579275638826263,1.934319300543005,1.9090847047908477
539,,,,,,,,,,,,,,,,,,,,,,,,,,,2.0,1.9799246772626797,1.9580908129530463,3.953769308047132,3.9109837388845956
392,,,,,,,,,,,,,,,,,,,,,,,,,,,2.0,1.9799246772626797,1.9580908129530463,1.9345612265588126,1.9094030713145917
733,,,,,,,,,,,,,,,,,,,,,,,,,,,2.0,1.9799246772626797,1.9580908129530463,1.9345612265588126,1.9094030713145917
623,,,,,,,,,,,,,,,,,,,,,,,,,,,2.0,1.9800072171206113,1.9582540756349291,1.934803182832394,1.9097214909303972
837,,,,,,,,,,,,,,,,,,,,,,,,,,,2.0,1.9800072171206113,1.9582540756349291,1.934803182832394,1.9097214909303972
592,,,,,,,,,,,,,,,,,,,,,,,,,,,2.0,1.9800072171206113,1.9582540756349291,1.934803182832394,1.9097214909303972
323,,,,,,,,,,,,,,,,,,,,,,,,,,,2.0,1.9800897604194965,1.9584173519294104,1.9350451693675346,1.910039963647119
590,,,,,,,,,,,,,,,,,,,,,,,,,,,2.0,1.9800897604194965,1.9584173519294104,1.9350451693675346,1.910039963647119
451,,,,,,,,,,,,,,,,,,,,,,,,,,,2.0,1.9800897604194965,1.9584173519294104,1.9350451693675346,1.910039963647119
805,,,,,,,,,,,,,,,,,,,,,,,,,,,2.0,6.831069038279983,6.761937280275972,8.747576245846691,8.660132049544636
204,,,,,,,,,,,,,,,,,,,,,,,,,,,2.0,4.3315832239172956,4.288104258325444,4.240816658146997,4.189856477301509
888,,,,,,,,,,,,,,,,,,,,,,,,,,,2.0,1.980172307159478,1.9585806418376244,1.9352871861680185,1.9103584894736116
816,,,,,,,,,,,,,,,,,,,,,,,,,,,,2.0,1.978274602483359,1.9548284162139307,1.929728450190089
810,,,,,,,,,,,,,,,,,,,,,,,,,,,,2.0,6.829917876853795,6.76079776882912,6.685684792679869
521,,,,,,,,,,,,,,,,,,,,,,,,,,,,9.43004101270026,9.334996293422945,9.231668613654737,9.120355167889109
66,,,,,,,,,,,,,,,,,,,,,,,,,,,,6.831374733373092,12.089259781454768,11.968909752154913,11.837908063991684
45,,,,,,,,,,,,,,,,,,,,,,,,,,,,4.331916459980442,4.288255379045894,4.240789320716279,4.189654808440049
224,,,,,,,,,,,,,,,,,,,,,,,,,,,,4.332416418275117,9.42686932375557,9.332245601717101,9.22933310887734
1031,,,,,,,,,,,,,,,,,,,,,,,,,,,,2.0,1.978604507388376,1.9554804604304703,1.9306940386669216
876,,,,,,,,,,,,,,,,,,,,,,,,,,,,4.3325830988312966,4.288021420972147,4.239674152808331,4.187680126140324
918,,,,,,,,,,,,,,,,,,,,,,,,,,,,2.0,1.9786869922105605,1.9556435054650658,1.930935511269912
579,,,,,,,,,,,,,,,,,,,,,,,,,,,,4.332166423496266,9.427653844182533,9.333411325998146,13.656245228036713
450,,,,,,,,,,,,,,,,,,,,,,,,,,,,2.0,1.978769480471404,1.9558065640941125,1.9311770140739686
426,,,,,,,,,,,,,,,,,,,,,,,,,,,,2.0,1.9788519721710498,1.955969636318744,1.9314185470828689
149,,,,,,,,,,,,,,,,,,,,,,,,,,,,2.0,4.330916918469238,4.286193693199429,4.237690370133869
363,,,,,,,,,,,,,,,,,,,,,,,,,,,,2.0,4.331999777678955,4.284942569072917,4.234158132219625
520,,,,,,,,,,,,,,,,,,,,,,,,,,,,2.0,1.9790169658873211,1.9562958215592943,1.9319017037303097
854,,,,,,,,,,,,,,,,,,,,,,,,,,,,2.0,4.332166423496266,4.285107404666915,4.234321014209187
717,,,,,,,,,,,,,,,,,,,,,,,,,,,,2.0,1.9792644822563288,1.956785201415346,1.9326266653322537
536,,,,,,,,,,,,,,,,,,,,,,,,,,,,2.0,1.9793469945917985,1.9569483552372928,1.9328683796495618
657,,,,,,,,,,,,,,,,,,,,,,,,,,,,2.0,1.9794295103670738,1.957111522662761,1.933110124198167
400,,,,,,,,,,,,,,,,,,,,,,,,,,,,2.0,1.9794295103670738,1.957111522662761,1.933110124198167
404,,,,,,,,,,,,,,,,,,,,,,,,,,,,6.832916501637542,9.43177720742233,9.329322652862508,9.218753050234023
391,,,,,,,,,,,,,,,,,,,,,,,,,,,,6.832916501637542,9.430068622267491,9.329965994246965,9.221695055644341
731,,,,,,,,,,,,,,,,,,,,,,,,,,,,2.0,4.33125004341665,4.287238215740743,4.2394299389154435
1019,,,,,,,,,,,,,,,,,,,,,,,,,,,,2.0,1.9795945522376157,1.9574378983287988,1.9335937040043938
696,,,,,,,,,,,,,,,,,,,,,,,,,,,,2.0,1.9796770783331692,1.9576011065716377,1.9338355392695794
270,,,,,,,,,,,,,,,,,,,,,,,,,,,,2.0,1.979759607869102,1.957764328422535,1.9340774047811884
686,,,,,,,,,,,,,,,,,,,,,,,,,,,,2.0,1.979759607869102,1.957764328422535,1.9340774047811884
881,,,,,,,,,,,,,,,,,,,,,,,,,,,,4.333333333333334,4.289657971832042,4.242176388412357,4.191025151176511
513,,,,,,,,,,,,,,,,,,,,,,,,,,,,2.0,1.9799246772626797,1.9580908129530463,1.9345612265588126
572,,,,,,,,,,,,,,,,,,,,,,,,,,,,2.0,6.831138799711539,6.762852062290738,6.688552697881509
933,,,,,,,,,,,,,,,,,,,,,,,,,,,,2.0,4.331499923583512,4.287843040889975,4.240381546669824
780,,,,,,,,,,,,,,,,,,,,,,,,,,,,4.333333333333334,4.29019448090891,6.2855469639350705,6.217268960734568
848,,,,,,,,,,,,,,,,,,,,,,,,,,,,2.0,1.9800897604194965,1.9584173519294104,1.9350451693675346
685,,,,,,,,,,,,,,,,,,,,,,,,,,,,2.0,1.980172307159478,1.9585806418376244,1.9352871861680185
549,,,,,,,,,,,,,,,,,,,,,,,,,,,,,4.333333333333334,6.827917343919346,6.755437227664486
104,,,,,,,,,,,,,,,,,,,,,,,,,,,,,2.0,1.978274602483359,1.9548284162139307
316,,,,,,,,,,,,,,,,,,,,,,,,,,,,,4.331416626722239,4.28847562750275,4.241714378415901
704,,,,,,,,,,,,,,,,,,,,,,,,,,,,,2.0,1.978274602483359,1.9548284162139307
515,,,,,,,,,,,,,,,,,,,,,,,,,,,,,2.0,1.978274602483359,1.9548284162139307
402,,,,,,,,,,,,,,,,,,,,,,,,,,,,,2.0,1.9783570735523417,1.9549914068820555
699,,,,,,,,,,,,,,,,,,,,,,,,,,,,,9.432916501637543,9.332783642637727,9.22448000622719
493,,,,,,,,,,,,,,,,,,,,,,,,,,,,,4.331666527723736,4.288365493526388,4.241251816103204
952,,,,,,,,,,,,,,,,,,,,,,,,,,,,,2.0,1.97843954805941,1.9551544111400982
831,,,,,,,,,,,,,,,,,,,,,,,,,,,,,2.0,1.97843954805941,1.9551544111400982
871,,,,,,,,,,,,,,,,,,,,,,,,,,,,,2.0,4.330417335190175,4.285877932740288
703,,,,,,,,,,,,,,,,,,,,,,,,,,,,,2.0,1.978604507388376,1.9554804604304703
968,,,,,,,,,,,,,,,,,,,,,,,,,,,,,2.0,1.978769480471404,1.9558065640941125
503,,,,,,,,,,,,,,,,,,,,,,,,,,,,,2.0,4.330916918469238,4.285836346578208
308,,,,,,,,,,,,,,,,,,,,,,,,,,,,,4.332249751615353,4.288585311457887,4.2411156011556805
655,,,,,,,,,,,,,,,,,,,,,,,,,,,,,2.0,6.829375561611362,6.7608246023645036
1084,,,,,,,,,,,,,,,,,,,,,,,,,,,,,2.0,4.331749835002977,4.285231229847822
456,,,,,,,,,,,,,,,,,,,,,,,,,,,,,2.0,4.331416626722239,4.28561616704189
1057,,,,,,,,,,,,,,,,,,,,,,,,,,,,,2.0,1.978934467309641,1.9561327221400933
488,,,,,,,,,,,,,,,,,,,,,,,,,,,,,2.0,4.33033408345838,4.2870463688954805
356,,,,,,,,,,,,,,,,,,,,,,,,,,,,,2.0,1.9791819733605216,1.9566220611957867
157,,,,,,,,,,,,,,,,,,,,,,,,,,,,,2.0,1.9791819733605216,1.9566220611957867
124,,,,,,,,,,,,,,,,,,,,,,,,,,,,,2.0,1.9791819733605216,1.9566220611957867
777,,,,,,,,,,,,,,,,,,,,,,,,,,,,,6.832416418275117,6.764398894374305,6.690361434578691
870,,,,,,,,,,,,,,,,,,,,,,,,,,,,,2.0,1.9793469945917985,1.9569483552372928
7,,,,,,,,,,,,,,,,,,,,,,,,,,,,,2.0,1.9794295103670738,1.957111522662761
273,,,,,,,,,,,,,,,,,,,,,,,,,,,,,2.0,1.9794295103670738,1.957111522662761
910,,,,,,,,,,,,,,,,,,,,,,,,,,,,,6.833333333333334,6.763332767739521,6.687355237617358
237,,,,,,,,,,,,,,,,,,,,,,,,,,,,,2.0,1.9795120295822985,1.957274703692885
540,,,,,,,,,,,,,,,,,,,,,,,,,,,,,2.0,1.9795945522376157,1.9574378983287988
1174,,,,,,,,,,,,,,,,,,,,,,,,,,,,,2.0,6.831694047825829,6.759455619904682
495,,,,,,,,,,,,,,,,,,,,,,,,,,,,,2.0,1.9796770783331692,1.9576011065716377
1082,,,,,,,,,,,,,,,,,,,,,,,,,,,,,6.833333333333334,9.431624359001045,12.08885940130871
1052,,,,,,,,,,,,,,,,,,,,,,,,,,,,,2.0,1.979759607869102,1.957764328422535
829,,,,,,,,,,,,,,,,,,,,,,,,,,,,,4.333333333333334,4.289657971832042,4.242176388412357
931,,,,,,,,,,,,,,,,,,,,,,,,,,,,,2.0,1.9798421408455575,1.9579275638826263
410,,,,,,,,,,,,,,,,,,,,,,,,,,,,,2.0,1.9798421408455575,1.9579275638826263
1030,,,,,,,,,,,,,,,,,,,,,,,,,,,,,4.33324996004336,4.289933097236727,4.242802197499902
455,,,,,,,,,,,,,,,,,,,,,,,,,,,,,4.333333333333334,4.290015637094658,4.242883830542347
859,,,,,,,,,,,,,,,,,,,,,,,,,,,,,2.0,4.331666527723736,4.287829213173029
481,,,,,,,,,,,,,,,,,,,,,,,,,,,,,2.0,4.331499923583512,4.288021794132203
650,,,,,,,,,,,,,,,,,,,,,,,,,,,,,4.333333333333334,6.830624491954615,6.760369846805533
989,,,,,,,,,,,,,,,,,,,,,,,,,,,,,2.0,1.980172307159478,1.9585806418376244
1010,,,,,,,,,,,,,,,,,,,,,,,,,,,,,,4.331833145755164,4.288172904538825
89,,,,,,,,,,,,,,,,,,,,,,,,,,,,,,2.0,1.9783570735523417
115,,,,,,,,,,,,,,,,,,,,,,,,,,,,,,2.0,1.97843954805941
300,,,,,,,,,,,,,,,,,,,,,,,,,,,,,,6.833152691205057,6.760053357245669
463,,,,,,,,,,,,,,,,,,,,,,,,,,,,,,2.0,1.9785220260047067
1058,,,,,,,,,,,,,,,,,,,,,,,,,,,,,,2.0,1.9785220260047067
809,,,,,,,,,,,,,,,,,,,,,,,,,,,,,,4.333083223889925,4.287265141587934
1327,,,,,,,,,,,,,,,,,,,,,,,,,,,,,,2.0,1.9786869922105605
939,,,,,,,,,,,,,,,,,,,,,,,,,,,,,,2.0,1.978934467309641
1153,,,,,,,,,,,,,,,,,,,,,,,,,,,,,,6.832249593512858,6.762260129733736
798,,,,,,,,,,,,,,,,,,,,,,,,,,,,,,4.333333333333334,4.28804884712584
728,,,,,,,,,,,,,,,,,,,,,,,,,,,,,,2.0,1.9790994679042335
307,,,,,,,,,,,,,,,,,,,,,,,,,,,,,,2.0,1.9791819733605216
1120,,,,,,,,,,,,,,,,,,,,,,,,,,,,,,2.0,1.9791819733605216
1092,,,,,,,,,,,,,,,,,,,,,,,,,,,,,,2.0,4.332083098850848
1286,,,,,,,,,,,,,,,,,,,,,,,,,,,,,,2.0,1.9792644822563288
1056,,,,,,,,,,,,,,,,,,,,,,,,,,,,,,4.333166590228938,4.288956487977625
79,,,,,,,,,,,,,,,,,,,,,,,,,,,,,,2.0,1.9795120295822985
644,,,,,,,,,,,,,,,,,,,,,,,,,,,,,,2.0,1.9795120295822985
713,,,,,,,,,,,,,,,,,,,,,,,,,,,,,,2.0,1.9795945522376157
187,,,,,,,,,,,,,,,,,,,,,,,,,,,,,,2.0,1.9795945522376157
388,,,,,,,,,,,,,,,,,,,,,,,,,,,,,,2.0,1.9796770783331692
1097,,,,,,,,,,,,,,,,,,,,,,,,,,,,,,4.333333333333334,4.2894791503830545
235,,,,,,,,,,,,,,,,,,,,,,,,,,,,,,2.0,1.979759607869102
324,,,,,,,,,,,,,,,,,,,,,,,,,,,,,,2.0,1.979759607869102
987,,,,,,,,,,,,,,,,,,,,,,,,,,,,,,2.0,1.979759607869102
946,,,,,,,,,,,,,,,,,,,,,,,,,,,,,,2.0,1.9798421408455575
1108,,,,,,,,,,,,,,,,,,,,,,,,,,,,,,2.0,1.9798421408455575
144,,,,,,,,,,,,,,,,,,,,,,,,,,,,,,2.0,1.9798421408455575
988,,,,,,,,,,,,,,,,,,,,,,,,,,,,,,2.0,1.9799246772626797
1320,,,,,,,,,,,,,,,,,,,,,,,,,,,,,,2.0,4.332999861026175
1332,,,,,,,,,,,,,,,,,,,,,,,,,,,,,,4.333333333333334,4.290015637094658
113,,,,,,,,,,,,,,,,,,,,,,,,,,,,,,2.0,1.9800072171206113
582,,,,,,,,,,,,,,,,,,,,,,,,,,,,,,2.0,1.9800072171206113
1328,,,,,,,,,,,,,,,,,,,,,,,,,,,,,,2.0,1.9800897604194965
1256,,,,,,,,,,,,,,,,,,,,,,,,,,,,,,2.0,1.9800897604194965
878,,,,,,,,,,,,,,,,,,,,,,,,,,,,,,4.333333333333334,4.290373332178869
895,,,,,,,,,,,,,,,,,,,,,,,,,,,,,,2.0,1.980172307159478
395,,,,,,,,,,,,,,,,,,,,,,,,,,,,,,2.0,1.980172307159478
586,,,,,,,,,,,,,,,,,,,,,,,,,,,,,,,2.0
1243,,,,,,,,,,,,,,,,,,,,,,,,,,,,,,,2.0
669,,,,,,,,,,,,,,,,,,,,,,,,,,,,,,,2.0
538,,,,,,,,,,,,,,,,,,,,,,,,,,,,,,,2.0
1157,,,,,,,,,,,,,,,,,,,,,,,,,,,,,,,2.0
693,,,,,,,,,,,,,,,,,,,,,,,,,,,,,,,2.0
245,,,,,,,,,,,,,,,,,,,,,,,,,,,,,,,2.0
759,,,,,,,,,,,,,,,,,,,,,,,,,,,,,,,2.0
