id,toxicity,post_type,is_comment
1,0.3586239814758301,news_share,False
2,0.0633757933974266,comment,True
3,0.08282501250505447,comment,True
4,0.0949501171708107,comment,True
5,0.07104310393333435,comment,True
6,0.004571340046823025,news_share,False
7,0.03976677358150482,comment,True
8,0.7118414044380188,news_share,False
9,0.5853374004364014,news_share,False
10,0.01978265307843685,comment,True
11,0.0010927425464615226,news_share,False
12,0.08962351083755493,news_share,False
13,0.003980642184615135,comment,True
14,0.001378351473249495,news_share,False
15,0.019966304302215576,comment,True
16,0.06865115463733673,comment,True
17,0.008297889493405819,news_share,False
18,0.013543662615120411,comment,True
19,0.012729167006909847,news_share,False
20,0.18615543842315674,news_share,False
21,0.100548654794693,news_share,False
22,0.0007898867479525506,news_share,False
23,0.12139159440994263,comment,True
24,0.4391080439090729,news_share,False
25,0.6511690020561218,news_share,False
26,0.0044715795665979385,regular_post,False
27,0.4291270077228546,news_share,False
28,0.000603227992542088,news_share,False
29,0.028148943558335304,comment,True
30,0.9633563160896301,news_share,False
31,0.19861707091331482,news_share,False
32,0.028148943558335304,comment,True
33,0.016391104087233543,news_share,False
34,0.001120921690016985,news_share,False
35,0.013744671829044819,comment,True
36,0.31187453866004944,news_share,False
37,0.03168076276779175,comment,True
38,0.17561665177345276,news_share,False
39,0.0007276632823050022,news_share,False
40,0.002816811203956604,news_share,False
41,0.20657800137996674,news_share,False
42,0.0006995521252974868,news_share,False
43,0.014011858962476254,comment,True
44,0.16531342267990112,comment,True
45,0.006886512506753206,comment,True
46,0.0008504530414938927,news_share,False
47,0.02026228979229927,news_share,False
48,0.01259406004101038,news_share,False
49,0.0022703788708895445,news_share,False
50,0.6663793325424194,news_share,False
51,0.4602719843387604,news_share,False
52,0.9346414804458618,comment,True
53,0.0006217085174284875,news_share,False
54,0.23885132372379303,comment,True
55,0.8847779631614685,comment,True
56,0.3170117735862732,comment,True
57,0.8446657061576843,comment,True
58,0.010638292878866196,comment,True
59,0.0013118126662448049,news_share,False
60,0.0015121259493753314,comment,True
61,0.9389227628707886,comment,True
62,0.08153896778821945,comment,True
63,0.0018879746785387397,comment,True
64,0.0016474223230034113,comment,True
65,0.001201136503368616,news_share,False
66,0.0008414071053266525,comment,True
67,0.010219900868833065,comment,True
68,0.5652169585227966,news_share,False
69,0.0018867958569899201,news_share,False
70,0.0016265064477920532,news_share,False
71,0.010923104360699654,comment,True
72,0.8711125254631042,comment,True
73,0.0008991307695396245,news_share,False
74,0.04497576132416725,news_share,False
75,0.16203509271144867,news_share,False
76,0.0013945981627330184,news_share,False
77,0.0016265064477920532,news_share,False
78,0.7937554121017456,comment,True
79,0.007267045322805643,comment,True
80,0.0006315482896752656,news_share,False
81,0.003424610709771514,news_share,False
82,0.029193909838795662,news_share,False
83,0.009303624741733074,comment,True
84,0.003483455628156662,comment,True
85,0.596636176109314,news_share,False
86,0.06130083277821541,news_share,False
87,0.20347212255001068,comment,True
88,0.013856153003871441,comment,True
89,0.002928943606093526,news_share,False
90,0.0010285764001309872,comment,True
91,0.6042313575744629,news_share,False
92,0.0086284838616848,news_share,False
93,0.0008746376843191683,comment,True
94,0.1612107753753662,comment,True
95,0.02318129688501358,news_share,False
96,0.7842501401901245,comment,True
97,0.004946688190102577,news_share,False
98,0.8708495497703552,news_share,False
99,0.0007304679020307958,news_share,False
100,0.309626042842865,news_share,False
101,0.9460477232933044,comment,True
102,0.03627961128950119,comment,True
103,0.5789210796356201,news_share,False
104,0.6534693241119385,comment,True
105,0.3968638777732849,news_share,False
106,0.0053437575697898865,news_share,False
107,0.0007304679020307958,news_share,False
108,0.0020626778714358807,comment,True
109,0.056134067475795746,comment,True
110,0.20503035187721252,comment,True
111,0.10202504694461823,news_share,False
112,0.00144791672937572,news_share,False
113,0.4784074127674103,news_share,False
114,0.0041632563807070255,news_share,False
115,0.9169345498085022,news_share,False
116,0.8819851875305176,comment,True
117,0.8030010461807251,comment,True
118,0.0028282608836889267,news_share,False
119,0.5985603332519531,comment,True
120,0.006641968619078398,comment,True
121,0.06172090023756027,news_share,False
122,0.40270307660102844,news_share,False
123,0.2776598036289215,news_share,False
124,0.015650905668735504,comment,True
125,0.00568313617259264,news_share,False
126,0.5652169585227966,news_share,False
127,0.8392587900161743,regular_post,False
128,0.9675065875053406,regular_post,False
129,0.03484005853533745,news_share,False
130,0.6451522707939148,news_share,False
131,0.9280511736869812,comment,True
132,0.004844600334763527,comment,True
133,0.0007919608615338802,news_share,False
134,0.0013509084237739444,regular_post,False
135,0.08653917908668518,comment,True
136,0.24911530315876007,comment,True
137,0.08188050985336304,comment,True
138,0.017985517159104347,comment,True
139,0.1926146149635315,news_share,False
140,0.016599303111433983,comment,True
141,0.004269827157258987,news_share,False
142,0.8786783814430237,news_share,False
143,0.6980974674224854,news_share,False
144,0.005307075567543507,news_share,False
145,0.0012459226418286562,regular_post,False
146,0.0011842285748571157,news_share,False
147,0.8684067726135254,comment,True
148,0.002960299840196967,news_share,False
149,0.9109717607498169,news_share,False
150,0.15489929914474487,comment,True
151,0.0077332728542387486,comment,True
152,0.009862136095762253,comment,True
153,0.0010191021719947457,news_share,False
154,0.14867091178894043,comment,True
155,0.0026589329354465008,news_share,False
156,0.0006474701222032309,news_share,False
157,0.07490740716457367,comment,True
158,0.009128380566835403,news_share,False
159,0.22609558701515198,comment,True
160,0.174046590924263,news_share,False
161,0.0008049058960750699,regular_post,False
162,0.0016785698244348168,comment,True
163,0.005096388515084982,comment,True
164,0.0008302875212393701,regular_post,False
165,0.03972091153264046,comment,True
166,0.04003804549574852,comment,True
167,0.014065730385482311,news_share,False
168,0.11275475472211838,comment,True
169,0.3924800753593445,news_share,False
170,0.020000606775283813,comment,True
171,0.004391413182020187,comment,True
172,0.029111893847584724,comment,True
173,0.00070051453076303,news_share,False
174,0.01590561680495739,comment,True
175,0.05951431393623352,news_share,False
176,0.047183435410261154,comment,True
177,0.7358635663986206,news_share,False
178,0.0015082231257110834,news_share,False
179,0.028238672763109207,news_share,False
180,0.1644807755947113,comment,True
181,0.014991887845098972,news_share,False
182,0.0010588524164631963,news_share,False
183,0.8232590556144714,news_share,False
184,0.013497398234903812,comment,True
185,0.005644043441861868,comment,True
186,0.8743129372596741,comment,True
187,0.48665717244148254,news_share,False
188,0.002577919512987137,news_share,False
189,0.8478942513465881,comment,True
190,0.8534376621246338,comment,True
191,0.01704724319279194,comment,True
192,0.5290374159812927,news_share,False
193,0.004823061637580395,news_share,False
194,0.01752515882253647,news_share,False
195,0.8010117411613464,comment,True
196,0.0023612549994140863,comment,True
197,0.005124117713421583,comment,True
198,0.6377152800559998,news_share,False
199,0.040141548961400986,comment,True
200,0.007514268159866333,comment,True
201,0.02734832838177681,regular_post,False
202,0.0036676828749477863,news_share,False
203,0.008576792664825916,comment,True
204,0.04936555400490761,comment,True
205,0.0010017696768045425,news_share,False
206,0.0031433082185685635,comment,True
207,0.0007332614040933549,news_share,False
208,0.6540510654449463,comment,True
209,0.5437971949577332,news_share,False
210,0.002836108673363924,comment,True
211,0.008811683394014835,news_share,False
212,0.5828479528427124,comment,True
213,0.2893369197845459,comment,True
214,0.02022593468427658,news_share,False
215,0.8473830819129944,comment,True
216,0.7639546394348145,comment,True
217,0.011521239764988422,news_share,False
218,0.022134756669402122,comment,True
219,0.0010665692389011383,news_share,False
220,0.4841744899749756,comment,True
221,0.0011910031316801906,comment,True
222,0.03317737579345703,comment,True
223,0.017118893563747406,comment,True
224,0.02413766086101532,comment,True
225,0.0027058585546910763,news_share,False
226,0.0006287462310865521,regular_post,False
227,0.006468897219747305,comment,True
228,0.958936870098114,comment,True
229,0.01840374432504177,news_share,False
230,0.03962132707238197,comment,True
231,0.006245081312954426,comment,True
232,0.2731321454048157,news_share,False
233,0.008699418976902962,comment,True
234,0.36579716205596924,news_share,False
235,0.0026318831369280815,news_share,False
236,0.01233633328229189,news_share,False
237,0.9541216492652893,comment,True
238,0.0009708080906420946,regular_post,False
239,0.5793750286102295,comment,True
240,0.006038491614162922,news_share,False
241,0.0011177100241184235,comment,True
242,0.0023667835630476475,comment,True
243,0.010486592538654804,comment,True
244,0.9209259748458862,comment,True
245,0.004071707371622324,news_share,False
246,0.0006536472938023508,regular_post,False
247,0.0018504030304029584,news_share,False
248,0.12332656979560852,comment,True
249,0.0033017632085829973,comment,True
250,0.0024571409448981285,comment,True
251,0.508339524269104,comment,True
252,0.008832280524075031,comment,True
253,0.05153919383883476,comment,True
254,0.3610866069793701,comment,True
255,0.2914750576019287,comment,True
256,0.5598490238189697,comment,True
257,0.0009546243236400187,news_share,False
258,0.0006287462310865521,regular_post,False
259,0.0008079238468781114,news_share,False
260,0.007900658063590527,comment,True
261,0.000980714918114245,news_share,False
262,0.006556939333677292,comment,True
263,0.7694727778434753,comment,True
264,0.003515546675771475,news_share,False
265,0.04249688610434532,comment,True
266,0.0017603464657440782,news_share,False
267,0.07057482749223709,comment,True
268,0.3389604091644287,comment,True
269,0.11806316673755646,comment,True
270,0.13269604742527008,comment,True
271,0.8005774021148682,comment,True
272,0.004356021992862225,news_share,False
273,0.2885211706161499,comment,True
274,0.014608921483159065,comment,True
275,0.015953078866004944,news_share,False
276,0.03417861834168434,news_share,False
277,0.0019387992797419429,news_share,False
278,0.14700880646705627,comment,True
279,0.853927493095398,comment,True
280,0.006721473764628172,news_share,False
281,0.10408661514520645,news_share,False
282,0.0060981460846960545,news_share,False
283,0.16780529916286469,comment,True
284,0.014647499658167362,news_share,False
285,0.025658603757619858,comment,True
286,0.7548290491104126,comment,True
287,0.016126848757267,comment,True
288,0.001472917152568698,news_share,False
289,0.0008147892658598721,news_share,False
290,0.003770753275603056,comment,True
291,0.06263516843318939,comment,True
292,0.0036676828749477863,news_share,False
293,0.591308057308197,news_share,False
294,0.001420220360159874,news_share,False
295,0.001420220360159874,news_share,False
296,0.027205124497413635,comment,True
297,0.006093425210565329,news_share,False
298,0.22653579711914062,comment,True
299,0.002455361420288682,comment,True
300,0.053311362862586975,comment,True
301,0.0009683227399364114,regular_post,False
302,0.00106996635440737,news_share,False
303,0.053494688123464584,comment,True
304,0.04982919245958328,comment,True
305,0.4026748239994049,comment,True
306,0.08908900618553162,comment,True
307,0.3383871018886566,comment,True
308,0.8194077610969543,news_share,False
309,0.8657628297805786,comment,True
310,0.4632331132888794,news_share,False
311,0.41091927886009216,comment,True
312,0.0011818355415016413,news_share,False
313,0.0006686558481305838,regular_post,False
314,0.5234476923942566,news_share,False
315,0.005221670959144831,news_share,False
316,0.010124684311449528,comment,True
317,0.49542680382728577,news_share,False
318,0.01188106182962656,news_share,False
319,0.00133902404922992,news_share,False
320,0.16967394948005676,comment,True
321,0.0009095332934521139,news_share,False
322,0.7763647437095642,news_share,False
323,0.7474492788314819,news_share,False
324,0.008569184690713882,news_share,False
325,0.2687372863292694,comment,True
326,0.05450417101383209,comment,True
327,0.0014071909245103598,news_share,False
328,0.007578338962048292,news_share,False
329,0.0753764733672142,comment,True
330,0.2397574484348297,news_share,False
331,0.06942631304264069,comment,True
332,0.006999024655669928,comment,True
333,0.41545021533966064,comment,True
334,0.2270967811346054,comment,True
335,0.010369912721216679,comment,True
336,0.011232374235987663,comment,True
337,0.0030842230189591646,comment,True
338,0.008769587613642216,comment,True
339,0.07682978361845016,comment,True
340,0.0025739020202308893,comment,True
341,0.232540562748909,comment,True
342,0.976966917514801,news_share,False
343,0.015053760260343552,news_share,False
344,0.15493638813495636,comment,True
345,0.008761371485888958,news_share,False
346,0.0036676828749477863,news_share,False
347,0.863602876663208,news_share,False
348,0.8744431138038635,comment,True
349,0.04220937192440033,news_share,False
350,0.008144199848175049,news_share,False
351,0.6323146224021912,news_share,False
352,0.7481922507286072,comment,True
353,0.19107626378536224,news_share,False
354,0.0014172358205541968,news_share,False
355,0.0009140839683823287,news_share,False
356,0.1620756834745407,news_share,False
357,0.8341688513755798,news_share,False
358,0.5119144320487976,news_share,False
359,0.14500313997268677,news_share,False
360,0.0012488747015595436,news_share,False
361,0.006323226727545261,news_share,False
362,0.959169864654541,regular_post,False
363,0.43069979548454285,comment,True
364,0.12269503623247147,news_share,False
365,0.19307275116443634,news_share,False
366,0.31437382102012634,news_share,False
367,0.008761371485888958,news_share,False
368,0.5641241073608398,comment,True
369,0.0007367005455307662,news_share,False
370,0.20275284349918365,comment,True
371,0.044653892517089844,news_share,False
372,0.016650373116135597,comment,True
373,0.0017664134502410889,comment,True
374,0.001930102938786149,news_share,False
375,0.001208791509270668,comment,True
376,0.004430215805768967,news_share,False
377,0.0007168424199335277,news_share,False
378,0.0011782101355493069,news_share,False
379,0.013901300728321075,comment,True
380,0.004399941768497229,news_share,False
381,0.788375973701477,comment,True
382,0.8330690264701843,regular_post,False
383,0.3676043152809143,comment,True
384,0.008360257372260094,news_share,False
385,0.04356672614812851,comment,True
386,0.3467998802661896,news_share,False
387,0.006559708155691624,comment,True
388,0.01207670196890831,comment,True
389,0.11690156161785126,comment,True
390,0.6377152800559998,news_share,False
391,0.8607692718505859,news_share,False
392,0.30399441719055176,news_share,False
393,0.11155576258897781,comment,True
394,0.29500654339790344,comment,True
395,0.030864624306559563,comment,True
396,0.0018753561889752746,news_share,False
397,0.047350019216537476,news_share,False
398,0.005504419095814228,comment,True
399,0.09500132501125336,comment,True
400,0.10685041546821594,comment,True
401,0.6518266201019287,comment,True
402,0.0010157831711694598,news_share,False
403,0.0006618116167373955,regular_post,False
404,0.07253725081682205,comment,True
405,0.07187709212303162,news_share,False
406,0.3359968960285187,comment,True
407,0.44910699129104614,comment,True
408,0.01104201190173626,news_share,False
409,0.5068001747131348,comment,True
410,0.2610642611980438,news_share,False
411,0.0011598969576880336,news_share,False
412,0.4261004328727722,news_share,False
413,0.00058097013970837,regular_post,False
414,0.0027142136823385954,comment,True
415,0.9039199948310852,news_share,False
416,0.04334438219666481,news_share,False
417,0.10739743709564209,comment,True
418,0.03244645893573761,news_share,False
419,0.013473445549607277,news_share,False
420,0.005478645674884319,comment,True
421,0.10416518896818161,comment,True
422,0.11270491033792496,comment,True
423,0.2039680778980255,news_share,False
424,0.11998943239450455,comment,True
425,0.15269175171852112,news_share,False
426,0.007344283163547516,news_share,False
427,0.025301650166511536,comment,True
428,0.04607408121228218,news_share,False
429,0.0020856198389083147,comment,True
430,0.40550434589385986,comment,True
431,0.032781366258859634,news_share,False
432,0.8709826469421387,comment,True
433,0.3713266849517822,news_share,False
434,0.0451962910592556,news_share,False
435,0.9093447327613831,news_share,False
436,0.7336817979812622,comment,True
437,0.006615583784878254,news_share,False
438,0.5316292643547058,comment,True
439,0.26761823892593384,news_share,False
440,0.0021599733736366034,news_share,False
441,0.0018869360210373998,news_share,False
442,0.0008601233712397516,comment,True
443,0.007099123205989599,news_share,False
444,0.14632828533649445,news_share,False
445,0.01107699703425169,news_share,False
446,0.0007110520382411778,regular_post,False
447,0.0013469784753397107,comment,True
448,0.0010939325438812375,news_share,False
449,0.0010939325438812375,news_share,False
450,0.8315859436988831,news_share,False
451,0.003256209660321474,comment,True
452,0.045939233154058456,news_share,False
453,0.002497471170499921,comment,True
454,0.0006448368658311665,regular_post,False
455,0.05002204328775406,comment,True
456,0.0245992299169302,news_share,False
457,0.0032152689527720213,news_share,False
458,0.5507943034172058,news_share,False
459,0.0006686558481305838,regular_post,False
460,0.07492536306381226,comment,True
461,0.6627472639083862,news_share,False
462,0.7039234638214111,news_share,False
463,0.0030006575398147106,news_share,False
464,0.15737539529800415,comment,True
465,0.0286326352506876,comment,True
466,0.040995992720127106,comment,True
467,0.0015200776979327202,news_share,False
468,0.0011183294700458646,news_share,False
469,0.05423998460173607,comment,True
470,0.02012823335826397,comment,True
471,0.10202504694461823,news_share,False
472,0.8683133125305176,regular_post,False
473,0.8556661009788513,comment,True
474,0.5140507221221924,comment,True
475,0.08820045739412308,news_share,False
476,0.08820045739412308,news_share,False
477,0.031380247324705124,news_share,False
478,0.031380247324705124,news_share,False
479,0.0007168424199335277,news_share,False
480,0.8307634592056274,comment,True
481,0.6708114743232727,comment,True
482,0.0160592719912529,comment,True
483,0.6854543089866638,news_share,False
484,0.0017417396884411573,news_share,False
485,0.03727719187736511,comment,True
486,0.1649613380432129,news_share,False
487,0.005395992659032345,news_share,False
488,0.2009049952030182,news_share,False
489,0.0012818969553336501,comment,True
490,0.627010703086853,comment,True
491,0.4435453414916992,comment,True
492,0.11247842013835907,comment,True
493,0.6357250213623047,news_share,False
494,0.01908470131456852,news_share,False
495,0.9474751949310303,news_share,False
496,0.0007015413139015436,news_share,False
497,0.23554159700870514,news_share,False
498,0.006398328579962254,news_share,False
499,0.38465696573257446,comment,True
500,0.0006277358625084162,regular_post,False
501,0.735395610332489,comment,True
502,0.7545133233070374,news_share,False
503,0.001297477283515036,news_share,False
504,0.0196379404515028,comment,True
505,0.006442468613386154,news_share,False
506,0.1804237812757492,comment,True
507,0.04472289979457855,comment,True
508,0.15265750885009766,comment,True
509,0.3562217652797699,news_share,False
510,0.2440415918827057,news_share,False
511,0.034903544932603836,news_share,False
512,0.21152684092521667,comment,True
513,0.5406211614608765,comment,True
514,0.6686528325080872,comment,True
515,0.0007417931919917464,regular_post,False
516,0.0016482992796227336,news_share,False
517,0.025882568210363388,news_share,False
518,0.0950145348906517,comment,True
519,0.11200988292694092,news_share,False
520,0.001653964282013476,news_share,False
521,0.007935291156172752,news_share,False
522,0.005022793542593718,news_share,False
523,0.06240880861878395,news_share,False
524,0.027293959632515907,comment,True
525,0.008233318105340004,comment,True
526,0.2740406394004822,comment,True
527,0.31147637963294983,comment,True
528,0.0013158650835976005,news_share,False
529,0.00933736003935337,news_share,False
530,0.2352888584136963,news_share,False
531,0.5133806467056274,news_share,False
532,0.5133806467056274,news_share,False
533,0.0006167593528516591,news_share,False
534,0.024761296808719635,news_share,False
535,0.005992826074361801,comment,True
536,0.7218123078346252,news_share,False
537,0.6395516991615295,news_share,False
538,0.0006550158141180873,regular_post,False
539,0.016400963068008423,news_share,False
540,0.04651709273457527,news_share,False
541,0.02058957889676094,comment,True
542,0.0006849486380815506,news_share,False
543,0.0033296800684183836,news_share,False
544,0.05062248185276985,news_share,False
545,0.03337205573916435,comment,True
546,0.0038315332494676113,comment,True
547,0.013925173319876194,comment,True
548,0.0537850558757782,regular_post,False
549,0.07931538671255112,comment,True
550,0.10635453462600708,news_share,False
551,0.007548309396952391,comment,True
552,0.0037924195639789104,comment,True
553,0.00409719068557024,news_share,False
554,0.674380898475647,comment,True
555,0.01605967991054058,news_share,False
556,0.011994990520179272,comment,True
557,0.11600697785615921,news_share,False
558,0.010763010010123253,comment,True
559,0.12708072364330292,comment,True
560,0.0026119505055248737,news_share,False
561,0.014087679795920849,comment,True
562,0.22985997796058655,news_share,False
563,0.002128660911694169,comment,True
564,0.18738672137260437,news_share,False
565,0.9629859328269958,news_share,False
566,0.7789201140403748,comment,True
567,0.0071471258997917175,comment,True
568,0.2639709413051605,news_share,False
569,0.772882878780365,news_share,False
570,0.012971906922757626,comment,True
571,0.004114942625164986,news_share,False
572,0.008526591584086418,comment,True
573,0.0009123767376877367,news_share,False
574,0.070797398686409,comment,True
575,0.0034756038803607225,news_share,False
576,0.0006098478334024549,regular_post,False
577,0.048342056572437286,comment,True
578,0.9123767614364624,comment,True
579,0.001284195575863123,news_share,False
580,0.23457463085651398,comment,True
581,0.0023894270416349173,news_share,False
582,0.0017037433572113514,news_share,False
583,0.00132726167794317,news_share,False
584,0.004891098011285067,comment,True
585,0.005862208548933268,comment,True
586,0.44282034039497375,news_share,False
587,0.18860219419002533,news_share,False
588,0.005878253374248743,comment,True
589,0.013323266059160233,news_share,False
590,0.0008147896151058376,news_share,False
591,0.4401540756225586,news_share,False
592,0.8095889687538147,comment,True
593,0.0025157565250992775,news_share,False
594,0.4651750922203064,comment,True
595,0.0006532580591738224,news_share,False
596,0.03378276526927948,news_share,False
597,0.011925671249628067,news_share,False
598,0.1243443489074707,news_share,False
599,0.2250373363494873,comment,True
600,0.007195548620074987,news_share,False
601,0.2119911015033722,comment,True
602,0.08857961744070053,news_share,False
603,0.027644813060760498,comment,True
604,0.0011185111943632364,news_share,False
605,0.0007110520382411778,regular_post,False
606,0.006712797097861767,news_share,False
607,0.4824344217777252,comment,True
608,0.014865638688206673,comment,True
609,0.0015562642365694046,regular_post,False
610,0.680587649345398,comment,True
611,0.24000860750675201,news_share,False
612,0.005927977152168751,regular_post,False
613,0.025849131867289543,comment,True
614,0.00079702353104949,news_share,False
615,0.6301712393760681,comment,True
616,0.4535210430622101,news_share,False
617,0.0026119505055248737,news_share,False
618,0.07245038449764252,news_share,False
619,0.0016479635378345847,comment,True
620,0.7371947169303894,comment,True
621,0.6232746839523315,comment,True
622,0.16738635301589966,news_share,False
623,0.8336499333381653,comment,True
624,0.08202232420444489,news_share,False
625,0.47296226024627686,comment,True
626,0.31129729747772217,news_share,False
627,0.12162864208221436,news_share,False
628,0.17490345239639282,comment,True
629,0.0011089134495705366,comment,True
630,0.0012974741403013468,comment,True
631,0.2994374632835388,news_share,False
632,0.0007955859182402492,comment,True
633,0.006824749521911144,comment,True
634,0.16588059067726135,comment,True
635,0.018203428015112877,comment,True
636,0.0013668941101059318,news_share,False
637,0.003825728315860033,news_share,False
638,0.007731941062957048,comment,True
639,0.005537073127925396,news_share,False
640,0.12973035871982574,comment,True
641,0.10597699880599976,news_share,False
642,0.41542112827301025,news_share,False
643,0.0018289994914084673,news_share,False
644,0.0642491802573204,comment,True
645,0.8796090483665466,comment,True
646,0.004433360882103443,news_share,False
647,0.007215271238237619,comment,True
648,0.24905002117156982,news_share,False
649,0.0009202500223182142,news_share,False
650,0.13612224161624908,regular_post,False
651,0.09016908705234528,comment,True
652,0.13375477492809296,comment,True
653,0.05041882023215294,comment,True
654,0.004684402607381344,news_share,False
655,0.8590394854545593,comment,True
656,0.015256721526384354,comment,True
657,0.8673238754272461,news_share,False
658,0.08998984843492508,comment,True
659,0.015136328525841236,comment,True
660,0.8858089447021484,comment,True
661,0.8870804309844971,comment,True
662,0.12253250926733017,comment,True
663,0.3495456874370575,comment,True
664,0.6118758320808411,comment,True
665,0.1141926497220993,comment,True
666,0.0009808775503188372,news_share,False
667,0.001964493189007044,news_share,False
668,0.0007744671893306077,news_share,False
669,0.0013373487163335085,news_share,False
670,0.14300206303596497,news_share,False
671,0.636870265007019,comment,True
672,0.004108131863176823,comment,True
673,0.0032859831117093563,comment,True
674,0.12453939020633698,news_share,False
675,0.0005938804824836552,regular_post,False
676,0.6603468060493469,comment,True
677,0.17499537765979767,comment,True
678,0.8685603737831116,comment,True
679,0.0005956102395430207,regular_post,False
680,0.4711475074291229,news_share,False
681,0.044883500784635544,comment,True
682,0.9007989168167114,comment,True
683,0.058100976049900055,comment,True
684,0.008848533034324646,comment,True
685,0.05781856179237366,regular_post,False
686,0.2110513150691986,news_share,False
687,0.004735337570309639,news_share,False
688,0.012626565992832184,comment,True
689,0.0008262945921160281,news_share,False
690,0.0012219329364597797,news_share,False
691,0.29279452562332153,news_share,False
692,0.001982953632250428,news_share,False
693,0.6794318556785583,news_share,False
694,0.20255933701992035,comment,True
695,0.9240761399269104,comment,True
696,0.3458367586135864,comment,True
697,0.029062839224934578,comment,True
698,0.16409063339233398,comment,True
699,0.1965235024690628,comment,True
700,0.1582327038049698,comment,True
701,0.031380247324705124,news_share,False
702,0.9320883750915527,comment,True
703,0.651381254196167,news_share,False
704,0.005832689814269543,news_share,False
705,0.07535352557897568,comment,True
706,0.05542479828000069,comment,True
707,0.0035582494456321,comment,True
708,0.7683513760566711,comment,True
709,0.011810332536697388,comment,True
710,0.004997025243937969,comment,True
711,0.17807361483573914,comment,True
712,0.009389610029757023,comment,True
713,0.0006558200693689287,regular_post,False
714,0.13635800778865814,comment,True
715,0.014810189604759216,comment,True
716,0.003949345555156469,comment,True
717,0.0006450516520999372,regular_post,False
718,0.0012950932141393423,news_share,False
719,0.043493788689374924,comment,True
720,0.0392342135310173,news_share,False
721,0.025936845690011978,comment,True
722,0.10839246958494186,news_share,False
723,0.001337750698439777,news_share,False
724,0.21966281533241272,comment,True
725,0.003481183899566531,news_share,False
726,0.48415523767471313,news_share,False
727,0.05768416449427605,news_share,False
728,0.04525357484817505,comment,True
729,0.008068835362792015,news_share,False
730,0.39828377962112427,comment,True
731,0.0007189383613876998,regular_post,False
732,0.00827010814100504,comment,True
733,0.0007464222144335508,regular_post,False
734,0.10097692906856537,comment,True
735,0.018466180190443993,comment,True
736,0.04461688548326492,news_share,False
737,0.20187252759933472,comment,True
738,0.002174944384023547,news_share,False
739,0.0021490943618118763,news_share,False
740,0.5375677943229675,news_share,False
741,0.6968259215354919,news_share,False
742,0.0013985761906951666,news_share,False
743,0.8946844339370728,news_share,False
744,0.1267237812280655,news_share,False
745,0.016477083787322044,comment,True
746,0.28241780400276184,news_share,False
747,0.010222752578556538,news_share,False
748,0.14946681261062622,news_share,False
749,0.0017332802526652813,news_share,False
750,0.8933591842651367,comment,True
751,0.011975809000432491,news_share,False
752,0.38399675488471985,comment,True
753,0.0007540089427493513,news_share,False
754,0.008088141679763794,news_share,False
755,0.3297064006328583,comment,True
756,0.018694443628191948,comment,True
757,0.0016972076846286654,comment,True
758,0.002953751478344202,comment,True
759,0.03894634544849396,news_share,False
760,0.005208204500377178,news_share,False
761,0.8602350354194641,comment,True
762,0.09190209209918976,news_share,False
763,0.3285975754261017,news_share,False
764,0.7363797426223755,news_share,False
765,0.0027806339785456657,news_share,False
766,0.09263353049755096,comment,True
767,0.001889161067083478,news_share,False
768,0.015394356101751328,news_share,False
769,0.7337836027145386,news_share,False
770,0.1996830403804779,comment,True
771,0.001600676216185093,news_share,False
772,0.5198124051094055,comment,True
773,0.0022051192354410887,comment,True
774,0.0016942538786679506,comment,True
775,0.011925671249628067,news_share,False
776,0.004886727314442396,comment,True
777,0.13512282073497772,comment,True
778,0.0007842133054509759,regular_post,False
779,0.14786377549171448,news_share,False
780,0.006527745630592108,comment,True
781,0.006083672400563955,comment,True
782,0.8432533740997314,news_share,False
783,0.036465831100940704,comment,True
784,0.05665057525038719,comment,True
785,0.0069241831079125404,comment,True
786,0.82198166847229,comment,True
787,0.0015200776979327202,news_share,False
788,0.5634720325469971,comment,True
789,0.579843282699585,comment,True
790,0.10583929717540741,comment,True
791,0.002668712753802538,comment,True
792,0.0007417924934998155,regular_post,False
793,0.27567142248153687,news_share,False
794,0.2182360589504242,news_share,False
795,0.7626466155052185,comment,True
796,0.5798214077949524,comment,True
797,0.503135085105896,comment,True
798,0.6661257147789001,comment,True
799,0.5793673396110535,comment,True
800,0.03772975876927376,comment,True
801,0.10027507692575455,comment,True
802,0.41899436712265015,comment,True
803,0.19837744534015656,news_share,False
804,0.0007708835182711482,news_share,False
805,0.006382914260029793,news_share,False
806,0.2650521993637085,comment,True
807,0.1968894749879837,comment,True
808,0.23709405958652496,news_share,False
809,0.030779434368014336,comment,True
810,0.012268878519535065,comment,True
811,0.13839460909366608,comment,True
812,0.03135322034358978,news_share,False
813,0.0011327784741297364,news_share,False
814,0.0018015083624050021,news_share,False
815,0.0008123449515551329,news_share,False
816,0.12569080293178558,comment,True
817,0.7997545003890991,news_share,False
818,0.01408266182988882,comment,True
819,0.003547081258147955,comment,True
820,0.17474381625652313,news_share,False
821,0.02549898438155651,news_share,False
822,0.5101284980773926,comment,True
823,0.006375923752784729,news_share,False
824,0.0014021537499502301,comment,True
825,0.0027595374267548323,news_share,False
826,0.5247596502304077,news_share,False
827,0.15756405889987946,comment,True
828,0.01632249355316162,comment,True
829,0.413943350315094,news_share,False
830,0.22389289736747742,news_share,False
831,0.24000860750675201,news_share,False
832,0.09546057134866714,comment,True
833,0.11965998262166977,comment,True
834,0.8138613104820251,comment,True
835,0.6037101149559021,comment,True
836,0.10033261775970459,news_share,False
837,0.01336702797561884,comment,True
838,0.4176580607891083,comment,True
839,0.006437703501433134,news_share,False
840,0.04245159775018692,comment,True
841,0.08439052850008011,comment,True
842,0.028221186250448227,comment,True
843,0.031204916536808014,news_share,False
844,0.004801421891897917,comment,True
845,0.32527416944503784,news_share,False
846,0.6983155012130737,comment,True
847,0.010706174187362194,news_share,False
848,0.0039406949654221535,comment,True
849,0.010254818946123123,news_share,False
850,0.19113707542419434,comment,True
851,0.0014224579790607095,news_share,False
852,0.0014224579790607095,news_share,False
853,0.3347807228565216,comment,True
854,0.021724581718444824,comment,True
855,0.0011269791284576058,news_share,False
856,0.0263555608689785,comment,True
857,0.31745749711990356,news_share,False
858,0.7785227298736572,news_share,False
859,0.3783894181251526,news_share,False
860,0.11839974671602249,regular_post,False
861,0.018181102350354195,comment,True
862,0.4867147207260132,comment,True
863,0.0035520498640835285,comment,True
864,0.002738634590059519,news_share,False
865,0.013277598656713963,comment,True
866,0.3968999683856964,comment,True
867,0.22929665446281433,news_share,False
868,0.0008516953676007688,news_share,False
869,0.08820676058530807,comment,True
870,0.3002481758594513,comment,True
871,0.0007110520382411778,regular_post,False
872,0.009370897896587849,comment,True
873,0.8301700949668884,comment,True
874,0.0011293847346678376,news_share,False
875,0.0018114367267116904,regular_post,False
876,0.004869015887379646,news_share,False
877,0.00295616639778018,comment,True
878,0.6164493560791016,comment,True
879,0.004600244108587503,comment,True
880,0.07634417712688446,comment,True
881,0.02594398707151413,comment,True
882,0.8682920932769775,news_share,False
883,0.6704540252685547,news_share,False
884,0.0062648276798427105,comment,True
885,0.6917768716812134,comment,True
886,0.0006285994895733893,regular_post,False
887,0.024217277765274048,news_share,False
888,0.008069041185081005,comment,True
889,0.3405561149120331,comment,True
890,0.05726604908704758,comment,True
891,0.0020101231057196856,regular_post,False
892,0.22506876289844513,comment,True
893,0.0014224579790607095,news_share,False
894,0.21320661902427673,news_share,False
895,0.01692703366279602,comment,True
896,0.4094039499759674,news_share,False
897,0.0010485765524208546,comment,True
898,0.018423989415168762,comment,True
899,0.02834792248904705,comment,True
900,0.3783894181251526,news_share,False
901,0.0038580179680138826,comment,True
902,0.2801446318626404,comment,True
903,0.215912863612175,news_share,False
904,0.0027266484685242176,comment,True
905,0.01592588610947132,news_share,False
906,0.152357816696167,news_share,False
907,0.786352813243866,news_share,False
908,0.0028066050726920366,news_share,False
909,0.014410692267119884,comment,True
910,0.0009675283799879253,news_share,False
911,0.2715364396572113,comment,True
912,0.5703054070472717,news_share,False
913,0.6451056599617004,news_share,False
914,0.6440500020980835,comment,True
915,0.40848827362060547,news_share,False
916,0.13762138783931732,comment,True
917,0.003757050260901451,comment,True
918,0.0014224579790607095,news_share,False
919,0.0024733454920351505,comment,True
920,0.0019173366017639637,comment,True
921,0.00521328067407012,comment,True
922,0.003911036066710949,news_share,False
923,0.011966594494879246,news_share,False
924,0.06459540128707886,comment,True
925,0.348359078168869,comment,True
926,0.22756685316562653,comment,True
927,0.0030802125111222267,news_share,False
928,0.051622405648231506,news_share,False
929,0.007492950651794672,comment,True
930,0.006081242114305496,comment,True
931,0.013617197051644325,comment,True
932,0.26308393478393555,news_share,False
933,0.11226586252450943,news_share,False
934,0.00474963802844286,comment,True
935,0.014129405841231346,news_share,False
936,0.014778359793126583,comment,True
937,0.016001630574464798,comment,True
938,0.46037834882736206,comment,True
939,0.17500366270542145,comment,True
940,0.0031570077408105135,comment,True
941,0.938152015209198,news_share,False
942,0.8830837607383728,news_share,False
943,0.03019954264163971,comment,True
944,0.044927969574928284,comment,True
945,0.0013434154679998755,news_share,False
946,0.010400968603789806,news_share,False
947,0.0007778176805004478,comment,True
948,0.7340971231460571,comment,True
949,0.9251610040664673,comment,True
950,0.0008449160377494991,comment,True
951,0.003131242236122489,comment,True
952,0.013132390566170216,comment,True
953,0.0016698192339390516,news_share,False
954,0.5095746517181396,comment,True
955,0.3867506682872772,comment,True
956,0.0050308071076869965,comment,True
957,0.11261626332998276,comment,True
958,0.6374940872192383,comment,True
959,0.8247044086456299,news_share,False
960,0.83552485704422,comment,True
961,0.14453396201133728,comment,True
962,0.04131847247481346,news_share,False
963,0.8238793611526489,news_share,False
964,0.6367076635360718,comment,True
965,0.4094039499759674,news_share,False
966,0.8043568730354309,comment,True
967,0.33645790815353394,news_share,False
968,0.001446159789338708,news_share,False
969,0.26225683093070984,comment,True
970,0.056928277015686035,comment,True
971,0.0006030139047652483,regular_post,False
972,0.003838340984657407,news_share,False
973,0.9666106700897217,comment,True
974,0.6307620406150818,comment,True
975,0.024654000997543335,news_share,False
976,0.0008639720035716891,news_share,False
977,0.6257320642471313,news_share,False
978,0.30152544379234314,news_share,False
979,0.7394049167633057,comment,True
980,0.0035190866328775883,news_share,False
981,0.11760476976633072,news_share,False
982,0.3383929431438446,comment,True
983,0.006135581526905298,news_share,False
984,0.008467340841889381,news_share,False
985,0.03065870888531208,comment,True
986,0.0006826460012234747,news_share,False
987,0.14569714665412903,comment,True
988,0.21010476350784302,comment,True
989,0.2400086224079132,news_share,False
990,0.24000860750675201,news_share,False
991,0.0037999246269464493,comment,True
992,0.002703817095607519,news_share,False
993,0.7597042322158813,comment,True
994,0.6299936771392822,news_share,False
995,0.03140857070684433,comment,True
996,0.12404999136924744,news_share,False
997,0.2694116234779358,comment,True
998,0.006240271031856537,comment,True
999,0.015828557312488556,news_share,False
1000,0.0022776045370846987,news_share,False
1001,0.07837685197591782,comment,True
1002,0.02649754472076893,comment,True
1003,0.06314476579427719,comment,True
1004,0.845146656036377,comment,True
1005,0.0009815299417823553,news_share,False
1006,0.006822675000876188,comment,True
1007,0.8836561441421509,comment,True
1008,0.5521903038024902,news_share,False
1009,0.0015533174155279994,news_share,False
1010,0.9093677401542664,comment,True
1011,0.021631348878145218,news_share,False
1012,0.21071851253509521,news_share,False
1013,0.7704207301139832,comment,True
1014,0.21366684138774872,comment,True
1015,0.018626896664500237,comment,True
1016,0.44581741094589233,comment,True
1017,0.012890058569610119,comment,True
1018,0.29393401741981506,comment,True
1019,0.010596543550491333,comment,True
1020,0.0015132329426705837,news_share,False
1021,0.3826960027217865,news_share,False
1022,0.009953339584171772,comment,True
1023,0.006139235105365515,news_share,False
1024,0.49479982256889343,comment,True
1025,0.0064253718592226505,comment,True
1026,0.6144147515296936,news_share,False
1027,0.5221362709999084,news_share,False
1028,0.015003440901637077,comment,True
1029,0.8020726442337036,news_share,False
1030,0.022586483508348465,comment,True
1031,0.007815633900463581,comment,True
1032,0.0071988641284406185,comment,True
1033,0.0030779074877500534,news_share,False
1034,0.01434656884521246,comment,True
1035,0.016669228672981262,news_share,False
1036,0.06902506947517395,news_share,False
1037,0.07744018733501434,news_share,False
1038,0.008248391561210155,news_share,False
1039,0.060082126408815384,comment,True
1040,0.0011574025265872478,news_share,False
1041,0.17437861859798431,comment,True
1042,0.3460930585861206,comment,True
1043,0.181799978017807,comment,True
1044,0.2020888477563858,regular_post,False
1045,0.0046312520280480385,comment,True
1046,0.0008610798977315426,news_share,False
1047,0.016419366002082825,comment,True
1048,0.5457026362419128,comment,True
1049,0.6137169003486633,comment,True
1050,0.0010667660972103477,news_share,False
1051,0.5574434995651245,comment,True
1052,0.5573464632034302,comment,True
1053,0.0008594195242039859,comment,True
1054,0.05539321526885033,news_share,False
1055,0.002272889483720064,news_share,False
1056,0.7429128885269165,comment,True
1057,0.17388001084327698,regular_post,False
1058,0.7136408686637878,comment,True
1059,0.09047291427850723,comment,True
1060,0.0950150415301323,news_share,False
1061,0.0007592269103042781,regular_post,False
1062,0.012014142237603664,news_share,False
1063,0.22673621773719788,comment,True
1064,0.003625821089372039,news_share,False
1065,0.09895708411931992,news_share,False
1066,0.1274450421333313,news_share,False
1067,0.0049053216353058815,news_share,False
1068,0.08884018659591675,news_share,False
1069,0.0006221877411007881,regular_post,False
1070,0.8597630858421326,comment,True
1071,0.0017614293610677123,comment,True
1072,0.01002372894436121,comment,True
1073,0.7027163505554199,comment,True
1074,0.19787701964378357,comment,True
1075,0.0010226088343188167,comment,True
1076,0.17121537029743195,comment,True
1077,0.542084276676178,comment,True
1078,0.04748803749680519,comment,True
1079,0.0012871908256784081,comment,True
1080,0.0034000114537775517,news_share,False
1081,0.8862659931182861,comment,True
1082,0.016400963068008423,news_share,False
1083,0.004954098723828793,comment,True
1084,0.26851674914360046,news_share,False
1085,0.035704612731933594,news_share,False
1086,0.046324267983436584,comment,True
1087,0.6100311875343323,comment,True
1088,0.031380247324705124,news_share,False
1089,0.7675442099571228,comment,True
1090,0.4227621853351593,comment,True
1091,0.0030059514101594687,news_share,False
1092,0.005832689814269543,news_share,False
1093,0.0746384933590889,comment,True
1094,0.4185374677181244,comment,True
1095,0.059243589639663696,news_share,False
1096,0.2454824000597,comment,True
1097,0.04384692758321762,comment,True
1098,0.4742453396320343,news_share,False
1099,0.001889161067083478,news_share,False
1100,0.026213251054286957,news_share,False
1101,0.030319903045892715,news_share,False
1102,0.5101011395454407,news_share,False
1103,0.0008840712253004313,news_share,False
1104,0.0017373741138726473,news_share,False
1105,0.04102061316370964,regular_post,False
1106,0.20964375138282776,comment,True
1107,0.015305147506296635,comment,True
1108,0.06241578236222267,comment,True
1109,0.016971079632639885,news_share,False
1110,0.5408094525337219,comment,True
1111,0.15095163881778717,news_share,False
1112,0.850894033908844,comment,True
1113,0.000593382865190506,regular_post,False
1114,0.0009612019057385623,comment,True
1115,0.0006787067395634949,comment,True
1116,0.21605873107910156,comment,True
1117,0.5399462580680847,comment,True
1118,0.6899181604385376,comment,True
1119,0.008303833194077015,comment,True
1120,0.7175428867340088,news_share,False
1121,0.5341139435768127,news_share,False
1122,0.41414374113082886,comment,True
1123,0.4602201282978058,comment,True
1124,0.02716754376888275,regular_post,False
1125,0.15641848742961884,regular_post,False
1126,0.09590477496385574,news_share,False
1127,0.0014327329117804766,comment,True
1128,0.9224662184715271,comment,True
1129,0.006884905509650707,news_share,False
1130,0.018782515078783035,news_share,False
1131,0.11246498674154282,comment,True
1132,0.0983366072177887,news_share,False
1133,0.03161637485027313,comment,True
1134,0.07162633538246155,comment,True
1135,0.3467249870300293,news_share,False
1136,0.5976807475090027,comment,True
1137,0.001850794185884297,comment,True
1138,0.06166355684399605,comment,True
1139,0.0054789078421890736,news_share,False
1140,0.0009052502573467791,news_share,False
1141,0.36686575412750244,news_share,False
1142,0.04500758647918701,news_share,False
1143,0.09170042723417282,comment,True
1144,0.005565962288528681,news_share,False
1145,0.1552737057209015,news_share,False
1146,0.9251610040664673,comment,True
1147,0.3870672583580017,comment,True
1148,0.6148288249969482,comment,True
1149,0.8751078844070435,comment,True
1150,0.0038199718110263348,news_share,False
1151,0.8107346296310425,comment,True
1152,0.504554271697998,comment,True
1153,0.5856719613075256,news_share,False
1154,0.13453632593154907,comment,True
1155,0.11417209357023239,comment,True
1156,0.1795167624950409,comment,True
1157,0.11585351824760437,news_share,False
1158,0.0026797540485858917,news_share,False
1159,0.0009570330730639398,news_share,False
1160,0.5417178273200989,comment,True
1161,0.04374535381793976,comment,True
1162,0.0026207328774034977,news_share,False
1163,0.5105718970298767,news_share,False
1164,0.008803288452327251,comment,True
1165,0.0034362548030912876,news_share,False
1166,0.3692454695701599,comment,True
1167,0.8925091028213501,comment,True
1168,0.006410520989447832,comment,True
1169,0.38926929235458374,news_share,False
1170,0.009472232311964035,comment,True
1171,0.0732860341668129,news_share,False
1172,0.05684752017259598,comment,True
1173,0.000840241031255573,news_share,False
1174,0.0010544132674112916,news_share,False
1175,0.0007427979726344347,news_share,False
1176,0.013161392882466316,comment,True
1177,0.02952617034316063,comment,True
1178,0.002256302163004875,comment,True
1179,0.003960917238146067,comment,True
1180,0.24766965210437775,comment,True
1181,0.5207143425941467,comment,True
1182,0.7691634893417358,news_share,False
1183,0.0707455724477768,news_share,False
1184,0.8330690264701843,regular_post,False
1185,0.009885324165225029,comment,True
1186,0.75260329246521,news_share,False
1187,0.5787201523780823,comment,True
1188,0.009066238068044186,news_share,False
1189,0.5376785397529602,comment,True
1190,0.7843088507652283,news_share,False
1191,0.005486695095896721,comment,True
1192,0.11582677811384201,comment,True
1193,0.29699116945266724,comment,True
1194,0.0013239968102425337,news_share,False
1195,0.1932346671819687,news_share,False
1196,0.6411097049713135,comment,True
1197,0.23795883357524872,comment,True
1198,0.009305612184107304,comment,True
1199,0.8875197768211365,comment,True
1200,0.7867257595062256,comment,True
1201,0.4023991823196411,comment,True
1202,0.03992810100317001,comment,True
1203,0.005012050736695528,news_share,False
1204,0.0034695875365287066,news_share,False
1205,0.0006287462310865521,regular_post,False
1206,0.012014142237603664,news_share,False
1207,0.017545366659760475,comment,True
1208,0.32609742879867554,comment,True
1209,0.1079106479883194,news_share,False
1210,0.05918876454234123,news_share,False
1211,0.23907601833343506,comment,True
1212,0.05699734389781952,comment,True
1213,0.7131138443946838,news_share,False
1214,0.8180394172668457,news_share,False
1215,0.0018665690440684557,news_share,False
1216,0.8983096480369568,comment,True
1217,0.10652165114879608,news_share,False
1218,0.004776282701641321,comment,True
1219,0.15110710263252258,comment,True
1220,0.009915762580931187,comment,True
1221,0.009019418619573116,comment,True
1222,0.009926836006343365,news_share,False
1223,0.007962288334965706,news_share,False
1224,0.0007110520382411778,regular_post,False
1225,0.1441386193037033,news_share,False
1226,0.003332621417939663,comment,True
1227,0.009897801093757153,regular_post,False
1228,0.9107896685600281,comment,True
1229,0.7611528635025024,news_share,False
1230,0.01327859703451395,comment,True
1231,0.01327859703451395,comment,True
1232,0.4394885003566742,comment,True
1233,0.0008566480246372521,regular_post,False
1234,0.003921594005078077,news_share,False
1235,0.14616329967975616,news_share,False
1236,0.05074616149067879,comment,True
1237,0.002330475952476263,news_share,False
1238,0.0047317431308329105,comment,True
1239,0.012607990764081478,news_share,False
1240,0.37861454486846924,comment,True
1241,0.0018868985353037715,news_share,False
1242,0.12504363059997559,news_share,False
1243,0.00191940285731107,news_share,False
1244,0.0012004829477518797,comment,True
1245,0.005975610110908747,comment,True
1246,0.0013389973901212215,news_share,False
1247,0.0018656525062397122,news_share,False
1248,0.03560056537389755,news_share,False
1249,0.006365989334881306,regular_post,False
1250,0.10631413012742996,comment,True
1251,0.0006165891536511481,regular_post,False
1252,0.006059225182980299,news_share,False
1253,0.6124098300933838,comment,True
1254,0.006386090535670519,comment,True
1255,0.06542257219552994,comment,True
1256,0.03574250638484955,comment,True
1257,0.1468922346830368,comment,True
1258,0.8123868107795715,comment,True
1259,0.7695385217666626,comment,True
1260,0.0017505016876384616,news_share,False
1261,0.008295857347548008,comment,True
1262,0.033359989523887634,comment,True
1263,0.0006419940618798137,regular_post,False
1264,0.00628621643409133,news_share,False
1265,0.048203419893980026,comment,True
1266,0.0023415267933160067,news_share,False
1267,0.1052541732788086,news_share,False
1268,0.003751597832888365,news_share,False
1269,0.8631792068481445,news_share,False
1270,0.0012560280738398433,news_share,False
1271,0.0006558200693689287,regular_post,False
1272,0.0029438647907227278,comment,True
1273,0.002539160894230008,comment,True
1274,0.8929149508476257,comment,True
1275,0.0014574953820556402,comment,True
1276,0.0006012422381900251,regular_post,False
1277,0.0007932682055979967,comment,True
1278,0.07688479125499725,comment,True
1279,0.0008610088843852282,comment,True
1280,0.001654300489462912,comment,True
1281,0.0057134972885251045,comment,True
1282,0.008758895099163055,regular_post,False
1283,0.005455954000353813,comment,True
1284,0.009595662355422974,news_share,False
1285,0.35803452134132385,comment,True
1286,0.6911311149597168,comment,True
1287,0.018444817513227463,news_share,False
1288,0.012751921080052853,news_share,False
1289,0.22230756282806396,comment,True
1290,0.05110293999314308,news_share,False
1291,0.0016348469071090221,comment,True
1292,0.0048782704398036,comment,True
1293,0.536906898021698,news_share,False
1294,0.051580462604761124,comment,True
1295,0.8983986973762512,comment,True
1296,0.011082491837441921,comment,True
1297,0.3924800753593445,news_share,False
1298,0.10141027718782425,comment,True
1299,0.0017762731295078993,news_share,False
1300,0.1236143708229065,news_share,False
1301,0.0005876306677237153,news_share,False
1302,0.010517388582229614,comment,True
1303,0.1454046070575714,comment,True
1304,0.0018119411543011665,news_share,False
1305,0.3459468185901642,comment,True
1306,0.003386337775737047,comment,True
1307,0.003055254928767681,comment,True
1308,0.03993463143706322,comment,True
1309,0.0006439473363570869,news_share,False
1310,0.0007690687198191881,comment,True
1311,0.7744600772857666,comment,True
1312,0.0010706097818911076,comment,True
1313,0.003885757178068161,comment,True
1314,0.0051595792174339294,comment,True
1315,0.1350300908088684,comment,True
1316,0.0033003855496644974,comment,True
1317,0.5373579263687134,comment,True
1318,0.0015244089299812913,comment,True
1319,0.27106234431266785,news_share,False
1320,0.17918655276298523,news_share,False
1321,0.16606540977954865,news_share,False
1322,0.0032270303927361965,comment,True
1323,0.3672061860561371,comment,True
1324,0.8305605053901672,comment,True
1325,0.022432491183280945,comment,True
1326,0.008308538235723972,comment,True
1327,0.0025643506087362766,comment,True
1328,0.5664531588554382,news_share,False
1329,0.11136997491121292,comment,True
1330,0.16087818145751953,comment,True
1331,0.052367791533470154,comment,True
1332,0.8526954650878906,comment,True
1333,0.6821323037147522,news_share,False
1334,0.0008930370677262545,news_share,False
1335,0.5829005241394043,news_share,False
1336,0.003432861529290676,comment,True
1337,0.32036539912223816,news_share,False
1338,0.022410472854971886,comment,True
1339,0.18239712715148926,comment,True
1340,0.010033653117716312,comment,True
1341,0.35137978196144104,comment,True
1342,0.030271310359239578,comment,True
1343,0.005868058186024427,news_share,False
1344,0.006611621472984552,comment,True
1345,0.033554431051015854,comment,True
1346,0.008373981341719627,comment,True
1347,0.15630017220973969,comment,True
1348,0.19085273146629333,news_share,False
1349,0.07679116725921631,comment,True
1350,0.018522899597883224,news_share,False
1351,0.0018732917960733175,news_share,False
1352,0.02324218489229679,comment,True
1353,0.0037660507950931787,comment,True
1354,0.0018685716204345226,comment,True
1355,0.008039410226047039,comment,True
1356,0.0912897139787674,comment,True
1357,0.006310195196419954,comment,True
1358,0.006511709187179804,comment,True
1359,0.03411204740405083,comment,True
1360,0.002025826834142208,news_share,False
1361,0.0015966608189046383,news_share,False
1362,0.06207573786377907,comment,True
1363,0.08639616519212723,comment,True
1364,0.06207573786377907,comment,True
1365,0.0006917246500961483,comment,True
1366,0.0016436042496934533,comment,True
1367,0.12900017201900482,comment,True
1368,0.0006347924354486167,news_share,False
1369,0.005502449348568916,comment,True
1370,0.22354471683502197,comment,True
1371,0.03174861893057823,comment,True
1372,0.3523867428302765,comment,True
1373,0.9311965703964233,news_share,False
1374,0.0007178608211688697,news_share,False
1375,0.8803278803825378,news_share,False
1376,0.0074589136056602,news_share,False
1377,0.18156389892101288,comment,True
1378,0.7338922619819641,comment,True
1379,0.22550863027572632,comment,True
1380,0.006948627065867186,news_share,False
1381,0.07030994445085526,comment,True
1382,0.09125496447086334,news_share,False
1383,0.16668623685836792,news_share,False
1384,0.0038905367255210876,comment,True
1385,0.0007142924587242305,regular_post,False
1386,0.24342085421085358,news_share,False
1387,0.06948215514421463,comment,True
1388,0.036506835371255875,news_share,False
1389,0.8282633423805237,news_share,False
1390,0.7108264565467834,news_share,False
1391,0.1550634503364563,comment,True
1392,0.3202800452709198,comment,True
1393,0.0007198955281637609,regular_post,False
1394,0.0013402719050645828,news_share,False
1395,0.09200181812047958,comment,True
1396,0.01418654341250658,comment,True
1397,0.002443895908072591,comment,True
1398,0.000670703302603215,news_share,False
1399,0.7207193374633789,comment,True
1400,0.15964792668819427,news_share,False
1401,0.03411078453063965,comment,True
1402,0.0007110520382411778,regular_post,False
1403,0.1759813129901886,news_share,False
1404,0.28923240303993225,comment,True
1405,0.011671341024339199,news_share,False
1406,0.002276235492900014,news_share,False
1407,0.001768902293406427,news_share,False
1408,0.5126562118530273,comment,True
1409,0.5665408968925476,comment,True
1410,0.003002849407494068,comment,True
1411,0.2119019329547882,comment,True
1412,0.09593239426612854,comment,True
1413,0.010162662714719772,comment,True
1414,0.15233822166919708,comment,True
1415,0.015800954774022102,comment,True
1416,0.580496072769165,comment,True
1417,0.01545039750635624,comment,True
1418,0.9232403635978699,news_share,False
1419,0.5047619342803955,comment,True
1420,0.00807780958712101,news_share,False
1421,0.0038664331659674644,comment,True
1422,0.002294337609782815,comment,True
1423,0.0006574634462594986,regular_post,False
1424,0.015068734996020794,news_share,False
1425,0.0032729965168982744,news_share,False
1426,0.0028188801370561123,comment,True
1427,0.002253343351185322,news_share,False
1428,0.0019258800894021988,comment,True
1429,0.0032537190709263086,comment,True
1430,0.0029873077291995287,comment,True
1431,0.0930706039071083,comment,True
1432,0.001900153118185699,comment,True
1433,0.7602283954620361,comment,True
1434,0.005179265514016151,comment,True
1435,0.2935405373573303,comment,True
1436,0.020048420876264572,comment,True
1437,0.0018986318027600646,news_share,False
1438,0.003562729340046644,news_share,False
1439,0.0006277280626818538,regular_post,False
1440,0.2804875373840332,news_share,False
1441,0.028807615861296654,news_share,False
1442,0.0011535523226484656,news_share,False
1443,0.4344480335712433,comment,True
1444,0.6268631219863892,news_share,False
1445,0.008694000542163849,regular_post,False
1446,0.001776264631189406,comment,True
1447,0.39227285981178284,news_share,False
1448,0.7501584887504578,comment,True
1449,0.0006022789748385549,regular_post,False
1450,0.010625850409269333,comment,True
1451,0.8776521682739258,comment,True
1452,0.41207611560821533,comment,True
1453,0.008466184139251709,news_share,False
1454,0.7841218709945679,comment,True
1455,0.0017648231005296111,comment,True
1456,0.22574490308761597,comment,True
1457,0.01608855091035366,comment,True
1458,0.4787302613258362,news_share,False
1459,0.04856385290622711,comment,True
1460,0.0021923647727817297,comment,True
1461,0.0023188074119389057,news_share,False
1462,0.0025800832081586123,comment,True
1463,0.006084715947508812,comment,True
1464,0.4876194894313812,comment,True
1465,0.8938019871711731,comment,True
1466,0.1064470186829567,comment,True
1467,0.774483859539032,comment,True
1468,0.028513798490166664,comment,True
1469,0.8729179501533508,news_share,False
1470,0.0007110520382411778,regular_post,False
1471,0.8440178036689758,comment,True
1472,0.007730466779321432,news_share,False
1473,0.003114990657195449,comment,True
1474,0.0012892521917819977,comment,True
1475,0.00317599019035697,comment,True
1476,0.04202859476208687,comment,True
1477,0.012803747318685055,news_share,False
1478,0.4230274260044098,comment,True
1479,0.005213659256696701,comment,True
1480,0.7493760585784912,news_share,False
1481,0.010541174560785294,comment,True
1482,0.006341829430311918,comment,True
1483,0.0006141100893728435,regular_post,False
1484,0.9430107474327087,comment,True
1485,0.11148908734321594,news_share,False
1486,0.0015897335251793265,comment,True
1487,0.8365740180015564,news_share,False
1488,0.019170625135302544,news_share,False
1489,0.7983713746070862,comment,True
1490,0.007645176257938147,news_share,False
1491,0.6281433701515198,news_share,False
1492,0.012333904393017292,comment,True
1493,0.0018538101576268673,comment,True
1494,0.25130730867385864,comment,True
1495,0.20589801669120789,comment,True
1496,0.023434175178408623,comment,True
1497,0.013192828744649887,news_share,False
1498,0.004112830851227045,news_share,False
1499,0.002686759689822793,news_share,False
1500,0.6322563290596008,news_share,False
1501,0.0011383654782548547,news_share,False
1502,0.23243680596351624,comment,True
1503,0.022823695093393326,comment,True
1504,0.0008985059102997184,news_share,False
1505,0.14230190217494965,comment,True
1506,0.0059810723178088665,comment,True
1507,0.004673767369240522,comment,True
1508,0.0006648130365647376,news_share,False
1509,0.0006486047059297562,news_share,False
1510,0.10031487047672272,comment,True
1511,0.10236355662345886,comment,True
1512,0.6879420280456543,news_share,False
1513,0.915124237537384,comment,True
1514,0.0008449216838926077,news_share,False
1515,0.001836547045968473,news_share,False
1516,0.6058192253112793,news_share,False
1517,0.006672972347587347,comment,True
1518,0.4197673797607422,comment,True
1519,0.0289724450558424,news_share,False
1520,0.009897353127598763,comment,True
1521,0.10728155821561813,news_share,False
1522,0.0013311558868736029,news_share,False
1523,0.021677149459719658,news_share,False
1524,0.09428104013204575,comment,True
1525,0.0014069739263504744,news_share,False
1526,0.6851180195808411,comment,True
1527,0.008176780305802822,comment,True
1528,0.24342085421085358,news_share,False
1529,0.7526870965957642,news_share,False
1530,0.3806013762950897,comment,True
1531,0.1225060522556305,comment,True
1532,0.6672272086143494,comment,True
1533,0.1751454770565033,comment,True
1534,0.027750961482524872,comment,True
1535,0.0006755131762474775,news_share,False
1536,0.006920953746885061,comment,True
1537,0.0028885852079838514,comment,True
1538,0.012030861340463161,comment,True
1539,0.0009424440213479102,regular_post,False
1540,0.34384000301361084,news_share,False
1541,0.002323748543858528,comment,True
1542,0.005758493207395077,comment,True
1543,0.11981327831745148,news_share,False
1544,0.0036371895112097263,news_share,False
1545,0.2964031994342804,comment,True
1546,0.1101778969168663,news_share,False
1547,0.08841115236282349,news_share,False
1548,0.23382382094860077,news_share,False
1549,0.008451202884316444,comment,True
1550,0.13097447156906128,news_share,False
1551,0.002977297641336918,comment,True
1552,0.05136037617921829,comment,True
1553,0.819121778011322,comment,True
1554,0.08881213515996933,comment,True
1555,0.006597492843866348,news_share,False
1556,0.24342085421085358,news_share,False
1557,0.0025806291960179806,news_share,False
1558,0.04165526479482651,comment,True
1559,0.04878703132271767,comment,True
1560,0.08749907463788986,comment,True
1561,0.028553195297718048,comment,True
1562,0.005993866361677647,news_share,False
1563,0.015617353841662407,news_share,False
1564,0.0024292366579174995,news_share,False
1565,0.5767603516578674,comment,True
1566,0.1721973419189453,news_share,False
1567,0.010374837554991245,news_share,False
1568,0.00907661858946085,news_share,False
1569,0.15187662839889526,comment,True
1570,0.24237051606178284,news_share,False
1571,0.03497982397675514,comment,True
1572,0.3875874876976013,news_share,False
1573,0.0350492000579834,comment,True
1574,0.08288298547267914,news_share,False
1575,0.1004948765039444,comment,True
1576,0.006437703501433134,news_share,False
1577,0.004940598271787167,comment,True
1578,0.26236221194267273,comment,True
1579,0.02895459719002247,comment,True
1580,0.06099628284573555,comment,True
1581,0.047070976346731186,comment,True
1582,0.0028581072110682726,news_share,False
1583,0.11694569885730743,regular_post,False
1584,0.44354116916656494,comment,True
1585,0.016519660130143166,comment,True
1586,0.33021780848503113,comment,True
1587,0.01663302443921566,news_share,False
1588,0.0006963706691749394,news_share,False
1589,0.48056548833847046,news_share,False
1590,0.031196536496281624,comment,True
1591,0.9417624473571777,comment,True
1592,0.003921277355402708,comment,True
1593,0.0006762964767403901,regular_post,False
1594,0.0017673105467110872,news_share,False
1595,0.03887692093849182,comment,True
1596,0.4417065382003784,comment,True
1597,0.0009975823340937495,news_share,False
1598,0.10926536470651627,news_share,False
1599,0.0010630970355123281,news_share,False
1600,0.9015691876411438,news_share,False
1601,0.9379118084907532,comment,True
1602,0.9181270003318787,news_share,False
1603,0.7345872521400452,comment,True
1604,0.02082975022494793,comment,True
1605,0.0027988699730485678,news_share,False
1606,0.6336761713027954,comment,True
1607,0.12339276820421219,comment,True
1608,0.4632091820240021,news_share,False
1609,0.0011477420339360833,comment,True
1610,0.195222407579422,comment,True
1611,0.38313719630241394,news_share,False
1612,0.00427443441003561,news_share,False
1613,0.5225220918655396,comment,True
1614,0.4552867114543915,comment,True
1615,0.6097953915596008,comment,True
1616,0.003150537610054016,news_share,False
1617,0.24486267566680908,comment,True
1618,0.08519875258207321,comment,True
1619,0.0017844060203060508,news_share,False
1620,0.0008737805183045566,news_share,False
1621,0.00825959350913763,news_share,False
1622,0.005220028571784496,comment,True
1623,0.7532597780227661,comment,True
1624,0.24842321872711182,news_share,False
1625,0.0010590944439172745,news_share,False
1626,0.013133898377418518,comment,True
1627,0.010481661185622215,news_share,False
1628,0.005232545547187328,comment,True
1629,0.7635213136672974,comment,True
1630,0.03994929417967796,news_share,False
1631,0.003464094828814268,news_share,False
1632,0.09896232187747955,comment,True
1633,0.9698135852813721,comment,True
1634,0.0018181672785431147,news_share,False
1635,0.3293997347354889,comment,True
1636,0.04293476790189743,comment,True
1637,0.055192138999700546,news_share,False
1638,0.02308358997106552,comment,True
1639,0.18613600730895996,news_share,False
1640,0.003340335562825203,comment,True
1641,0.0007742757443338633,news_share,False
1642,0.03130313381552696,comment,True
1643,0.002782022813335061,comment,True
1644,0.1633668839931488,comment,True
1645,0.0007529872236773372,news_share,False
1646,0.007980765774846077,news_share,False
1647,0.0019038572208955884,news_share,False
1648,0.0026412559673190117,news_share,False
1649,0.003609780455008149,comment,True
1650,0.09282208234071732,comment,True
1651,0.17181167006492615,comment,True
1652,0.3045833706855774,comment,True
1653,0.6706241369247437,news_share,False
1654,0.13411451876163483,comment,True
1655,0.012844626791775227,comment,True
1656,0.003236018354073167,comment,True
1657,0.2949133813381195,news_share,False
1658,0.011465688236057758,comment,True
1659,0.20790863037109375,comment,True
1660,0.09242013096809387,comment,True
1661,0.0023909893352538347,news_share,False
1662,0.8437870740890503,comment,True
1663,0.8534149527549744,news_share,False
1664,0.0012560280738398433,news_share,False
1665,0.0035786256194114685,comment,True
1666,0.0021398519165813923,news_share,False
1667,0.3588140606880188,comment,True
1668,0.012346038594841957,comment,True
1669,0.0019868528470396996,comment,True
1670,0.45311611890792847,comment,True
1671,0.0010314112296327949,news_share,False
1672,0.325480192899704,comment,True
1673,0.0019380131270736456,news_share,False
1674,0.006666022818535566,news_share,False
1675,0.038846805691719055,news_share,False
1676,0.004573578014969826,comment,True
1677,0.025545300915837288,comment,True
1678,0.002452119253575802,comment,True
1679,0.012014142237603664,news_share,False
1680,0.000915206444915384,news_share,False
1681,0.0009585954248905182,news_share,False
1682,0.029683731496334076,comment,True
1683,0.0014879374066367745,news_share,False
1684,0.014741726219654083,comment,True
1685,0.0007011072593741119,news_share,False
1686,0.0008658284205012023,news_share,False
1687,0.13212227821350098,comment,True
1688,0.0065444959327578545,news_share,False
1689,0.009656516835093498,comment,True
1690,0.6408881545066833,comment,True
1691,0.003475099802017212,comment,True
1692,0.04106781259179115,comment,True
1693,0.0024726795963943005,news_share,False
1694,0.22010506689548492,comment,True
1695,0.0024292366579174995,news_share,False
1696,0.10081406682729721,comment,True
1697,0.01209881342947483,comment,True
1698,0.8175585865974426,comment,True
1699,0.8490995764732361,comment,True
1700,0.11140843480825424,news_share,False
1701,0.06114675849676132,news_share,False
1702,0.7936320304870605,news_share,False
1703,0.3374291956424713,news_share,False
1704,0.935226559638977,news_share,False
1705,0.0035091564059257507,comment,True
1706,0.08391527086496353,comment,True
1707,0.0010677360696718097,comment,True
1708,0.020766176283359528,comment,True
1709,0.008111530914902687,comment,True
1710,0.004876863677054644,comment,True
1711,0.0075242104940116405,comment,True
1712,0.011233951896429062,news_share,False
1713,0.4216335713863373,news_share,False
1714,0.010220423340797424,news_share,False
1715,0.0040293787606060505,comment,True
1716,0.06180177628993988,news_share,False
1717,0.20085570216178894,news_share,False
1718,0.3908231556415558,comment,True
1719,0.0006312982295639813,regular_post,False
1720,0.032550349831581116,news_share,False
1721,0.0011188046773895621,news_share,False
1722,0.035557880997657776,news_share,False
1723,0.7160610556602478,news_share,False
1724,0.009737878106534481,comment,True
1725,0.8557664752006531,comment,True
1726,0.45252323150634766,news_share,False
1727,0.649529218673706,comment,True
1728,0.7536587715148926,comment,True
1729,0.0014069739263504744,news_share,False
1730,0.03470376878976822,news_share,False
1731,0.4225495159626007,comment,True
1732,0.7152976989746094,news_share,False
1733,0.0856504812836647,comment,True
1734,0.00444873096421361,comment,True
1735,0.9083932042121887,comment,True
1736,0.0051269917748868465,news_share,False
1737,0.8067611455917358,comment,True
1738,0.004315335303544998,news_share,False
1739,0.4420463442802429,comment,True
1740,0.8535797595977783,comment,True
1741,0.9339638948440552,news_share,False
1742,0.03089495375752449,news_share,False
1743,0.39960533380508423,comment,True
1744,0.028746260330080986,news_share,False
1745,0.0012433644151315093,news_share,False
1746,0.0051245312206447124,comment,True
1747,0.00134360627271235,comment,True
1748,0.004370224196463823,comment,True
1749,0.006883624009788036,comment,True
1750,0.8119708299636841,news_share,False
